file,line,type,commit,author,date,time,timezone,datetime,depth,length
shared_css.css,1,css,7596450e,TristanRoman,2025-10-17,16:24:06,-07:00,2025-10-17T16:24:06-07:00,0,26
shared_css.css,2,css,7596450e,TristanRoman,2025-10-17,16:24:06,-07:00,2025-10-17T16:24:06-07:00,1,23
shared_css.css,3,css,7596450e,TristanRoman,2025-10-17,16:24:06,-07:00,2025-10-17T16:24:06-07:00,1,26
shared_css.css,4,css,7596450e,TristanRoman,2025-10-17,16:24:06,-07:00,2025-10-17T16:24:06-07:00,0,4
shared_css.css,5,css,7596450e,TristanRoman,2025-10-17,16:24:06,-07:00,2025-10-17T16:24:06-07:00,1,74
shared_css.css,6,css,7596450e,TristanRoman,2025-10-17,16:24:06,-07:00,2025-10-17T16:24:06-07:00,1,74
shared_css.css,7,css,7596450e,TristanRoman,2025-10-17,16:24:06,-07:00,2025-10-17T16:24:06-07:00,1,74
shared_css.css,8,css,7596450e,TristanRoman,2025-10-17,16:24:06,-07:00,2025-10-17T16:24:06-07:00,1,74
shared_css.css,9,css,7596450e,TristanRoman,2025-10-17,16:24:06,-07:00,2025-10-17T16:24:06-07:00,1,74
shared_css.css,10,css,258d3a03,TristanRoman,2025-10-03,21:43:27,-07:00,2025-10-03T21:43:27-07:00,0,0
shared_css.css,11,css,c3d04a2d,TristanRoman,2025-10-10,21:42:02,-07:00,2025-10-10T21:42:02-07:00,0,0
shared_css.css,12,css,7596450e,TristanRoman,2025-10-17,16:24:06,-07:00,2025-10-17T16:24:06-07:00,0,32
shared_css.css,13,css,7596450e,TristanRoman,2025-10-17,16:24:06,-07:00,2025-10-17T16:24:06-07:00,0,45
shared_css.css,14,css,c3d04a2d,TristanRoman,2025-10-10,21:42:02,-07:00,2025-10-10T21:42:02-07:00,0,0
shared_css.css,15,css,7596450e,TristanRoman,2025-10-17,16:24:06,-07:00,2025-10-17T16:24:06-07:00,0,15
shared_css.css,16,css,c3d04a2d,TristanRoman,2025-10-10,21:42:02,-07:00,2025-10-10T21:42:02-07:00,0,23
shared_css.css,17,css,7596450e,TristanRoman,2025-10-17,16:24:06,-07:00,2025-10-17T16:24:06-07:00,0,32
shared_css.css,18,css,7596450e,TristanRoman,2025-10-17,16:24:06,-07:00,2025-10-17T16:24:06-07:00,0,0
shared_css.css,19,css,7596450e,TristanRoman,2025-10-17,16:24:06,-07:00,2025-10-17T16:24:06-07:00,0,50
shared_css.css,20,css,7596450e,TristanRoman,2025-10-17,16:24:06,-07:00,2025-10-17T16:24:06-07:00,0,11
shared_css.css,21,css,7596450e,TristanRoman,2025-10-17,16:24:06,-07:00,2025-10-17T16:24:06-07:00,1,40
shared_css.css,22,css,7596450e,TristanRoman,2025-10-17,16:24:06,-07:00,2025-10-17T16:24:06-07:00,1,13
shared_css.css,23,css,7596450e,TristanRoman,2025-10-17,16:24:06,-07:00,2025-10-17T16:24:06-07:00,1,16
shared_css.css,24,css,7596450e,TristanRoman,2025-10-17,16:24:06,-07:00,2025-10-17T16:24:06-07:00,1,17
shared_css.css,25,css,7596450e,TristanRoman,2025-10-17,16:24:06,-07:00,2025-10-17T16:24:06-07:00,1,15
shared_css.css,26,css,7596450e,TristanRoman,2025-10-17,16:24:06,-07:00,2025-10-17T16:24:06-07:00,1,17
shared_css.css,27,css,7596450e,TristanRoman,2025-10-17,16:24:06,-07:00,2025-10-17T16:24:06-07:00,0,0
shared_css.css,28,css,c3d04a2d,TristanRoman,2025-10-10,21:42:02,-07:00,2025-10-10T21:42:02-07:00,0,0
shared_css.css,29,css,7596450e,TristanRoman,2025-10-17,16:24:06,-07:00,2025-10-17T16:24:06-07:00,0,26
shared_css.css,30,css,7596450e,TristanRoman,2025-10-17,16:24:06,-07:00,2025-10-17T16:24:06-07:00,1,13
shared_css.css,31,css,7596450e,TristanRoman,2025-10-17,16:24:06,-07:00,2025-10-17T16:24:06-07:00,1,26
shared_css.css,32,css,c3d04a2d,TristanRoman,2025-10-10,21:42:02,-07:00,2025-10-10T21:42:02-07:00,0,6
shared_css.css,33,css,7596450e,TristanRoman,2025-10-17,16:24:06,-07:00,2025-10-17T16:24:06-07:00,1,60
shared_css.css,34,css,7596450e,TristanRoman,2025-10-17,16:24:06,-07:00,2025-10-17T16:24:06-07:00,1,5
shared_css.css,35,css,7596450e,TristanRoman,2025-10-17,16:24:06,-07:00,2025-10-17T16:24:06-07:00,1,12
shared_css.css,36,css,c3d04a2d,TristanRoman,2025-10-10,21:42:02,-07:00,2025-10-10T21:42:02-07:00,0,0
shared_css.css,37,css,7596450e,TristanRoman,2025-10-17,16:24:06,-07:00,2025-10-17T16:24:06-07:00,1,12
shared_css.css,38,css,7596450e,TristanRoman,2025-10-17,16:24:06,-07:00,2025-10-17T16:24:06-07:00,1,18
shared_css.css,39,css,7596450e,TristanRoman,2025-10-17,16:24:06,-07:00,2025-10-17T16:24:06-07:00,1,28
shared_css.css,40,css,7596450e,TristanRoman,2025-10-17,16:24:06,-07:00,2025-10-17T16:24:06-07:00,1,11
shared_css.css,41,css,c3d04a2d,TristanRoman,2025-10-10,21:42:02,-07:00,2025-10-10T21:42:02-07:00,0,0
shared_css.css,42,css,7596450e,TristanRoman,2025-10-17,16:24:06,-07:00,2025-10-17T16:24:06-07:00,1,49
shared_css.css,43,css,7596450e,TristanRoman,2025-10-17,16:24:06,-07:00,2025-10-17T16:24:06-07:00,1,14
shared_css.css,44,css,7596450e,TristanRoman,2025-10-17,16:24:06,-07:00,2025-10-17T16:24:06-07:00,1,52
shared_css.css,45,css,7596450e,TristanRoman,2025-10-17,16:24:06,-07:00,2025-10-17T16:24:06-07:00,1,56
shared_css.css,46,css,7596450e,TristanRoman,2025-10-17,16:24:06,-07:00,2025-10-17T16:24:06-07:00,0,0
shared_css.css,47,css,7596450e,TristanRoman,2025-10-17,16:24:06,-07:00,2025-10-17T16:24:06-07:00,1,62
shared_css.css,48,css,7596450e,TristanRoman,2025-10-17,16:24:06,-07:00,2025-10-17T16:24:06-07:00,1,43
shared_css.css,49,css,c3d04a2d,TristanRoman,2025-10-10,21:42:02,-07:00,2025-10-10T21:42:02-07:00,0,0
shared_css.css,50,css,c3d04a2d,TristanRoman,2025-10-10,21:42:02,-07:00,2025-10-10T21:42:02-07:00,0,0
shared_css.css,51,css,7596450e,TristanRoman,2025-10-17,16:24:06,-07:00,2025-10-17T16:24:06-07:00,0,13
shared_css.css,52,css,c3d04a2d,TristanRoman,2025-10-10,21:42:02,-07:00,2025-10-10T21:42:02-07:00,0,8
shared_css.css,53,css,c3d04a2d,TristanRoman,2025-10-10,21:42:02,-07:00,2025-10-10T21:42:02-07:00,1,20
shared_css.css,54,css,c3d04a2d,TristanRoman,2025-10-10,21:42:02,-07:00,2025-10-10T21:42:02-07:00,1,13
shared_css.css,55,css,c3d04a2d,TristanRoman,2025-10-10,21:42:02,-07:00,2025-10-10T21:42:02-07:00,1,22
shared_css.css,56,css,c3d04a2d,TristanRoman,2025-10-10,21:42:02,-07:00,2025-10-10T21:42:02-07:00,1,47
shared_css.css,57,css,c3d04a2d,TristanRoman,2025-10-10,21:42:02,-07:00,2025-10-10T21:42:02-07:00,1,15
shared_css.css,58,css,c3d04a2d,TristanRoman,2025-10-10,21:42:02,-07:00,2025-10-10T21:42:02-07:00,0,0
shared_css.css,59,css,c3d04a2d,TristanRoman,2025-10-10,21:42:02,-07:00,2025-10-10T21:42:02-07:00,0,0
shared_css.css,60,css,7596450e,TristanRoman,2025-10-17,16:24:06,-07:00,2025-10-17T16:24:06-07:00,0,26
shared_css.css,61,css,c3d04a2d,TristanRoman,2025-10-10,21:42:02,-07:00,2025-10-10T21:42:02-07:00,0,14
shared_css.css,62,css,c3d04a2d,TristanRoman,2025-10-10,21:42:02,-07:00,2025-10-10T21:42:02-07:00,0,22
shared_css.css,63,css,7596450e,TristanRoman,2025-10-17,16:24:06,-07:00,2025-10-17T16:24:06-07:00,1,57
shared_css.css,64,css,7596450e,TristanRoman,2025-10-17,16:24:06,-07:00,2025-10-17T16:24:06-07:00,1,16
shared_css.css,65,css,c3d04a2d,TristanRoman,2025-10-10,21:42:02,-07:00,2025-10-10T21:42:02-07:00,0,0
shared_css.css,66,css,c3d04a2d,TristanRoman,2025-10-10,21:42:02,-07:00,2025-10-10T21:42:02-07:00,0,0
shared_css.css,67,css,7596450e,TristanRoman,2025-10-17,16:24:06,-07:00,2025-10-17T16:24:06-07:00,0,26
shared_css.css,68,css,7596450e,TristanRoman,2025-10-17,16:24:06,-07:00,2025-10-17T16:24:06-07:00,0,61
shared_css.css,69,css,c3d04a2d,TristanRoman,2025-10-10,21:42:02,-07:00,2025-10-10T21:42:02-07:00,0,29
shared_css.css,70,css,7596450e,TristanRoman,2025-10-17,16:24:06,-07:00,2025-10-17T16:24:06-07:00,1,71
shared_css.css,71,css,7596450e,TristanRoman,2025-10-17,16:24:06,-07:00,2025-10-17T16:24:06-07:00,1,36
shared_css.css,72,css,c3d04a2d,TristanRoman,2025-10-10,21:42:02,-07:00,2025-10-10T21:42:02-07:00,0,0
shared_css.css,73,css,c3d04a2d,TristanRoman,2025-10-10,21:42:02,-07:00,2025-10-10T21:42:02-07:00,0,0
shared_css.css,74,css,7596450e,TristanRoman,2025-10-17,16:24:06,-07:00,2025-10-17T16:24:06-07:00,0,26
shared_css.css,75,css,7596450e,TristanRoman,2025-10-17,16:24:06,-07:00,2025-10-17T16:24:06-07:00,1,25
shared_css.css,76,css,7596450e,TristanRoman,2025-10-17,16:24:06,-07:00,2025-10-17T16:24:06-07:00,1,26
shared_css.css,77,css,7596450e,TristanRoman,2025-10-17,16:24:06,-07:00,2025-10-17T16:24:06-07:00,0,61
shared_css.css,78,css,c3d04a2d,TristanRoman,2025-10-10,21:42:02,-07:00,2025-10-10T21:42:02-07:00,0,0
shared_css.css,79,css,7596450e,TristanRoman,2025-10-17,16:24:06,-07:00,2025-10-17T16:24:06-07:00,0,17
shared_css.css,80,css,7596450e,TristanRoman,2025-10-17,16:24:06,-07:00,2025-10-17T16:24:06-07:00,1,17
shared_css.css,81,css,7596450e,TristanRoman,2025-10-17,16:24:06,-07:00,2025-10-17T16:24:06-07:00,1,10
shared_css.css,82,css,7596450e,TristanRoman,2025-10-17,16:24:06,-07:00,2025-10-17T16:24:06-07:00,1,7
shared_css.css,83,css,7596450e,TristanRoman,2025-10-17,16:24:06,-07:00,2025-10-17T16:24:06-07:00,1,26
shared_css.css,84,css,7596450e,TristanRoman,2025-10-17,16:24:06,-07:00,2025-10-17T16:24:06-07:00,1,13
shared_css.css,85,css,7596450e,TristanRoman,2025-10-17,16:24:06,-07:00,2025-10-17T16:24:06-07:00,1,19
shared_css.css,86,css,7596450e,TristanRoman,2025-10-17,16:24:06,-07:00,2025-10-17T16:24:06-07:00,1,20
shared_css.css,87,css,7596450e,TristanRoman,2025-10-17,16:24:06,-07:00,2025-10-17T16:24:06-07:00,1,36
shared_css.css,88,css,7596450e,TristanRoman,2025-10-17,16:24:06,-07:00,2025-10-17T16:24:06-07:00,1,21
shared_css.css,89,css,7596450e,TristanRoman,2025-10-17,16:24:06,-07:00,2025-10-17T16:24:06-07:00,1,53
shared_css.css,90,css,7596450e,TristanRoman,2025-10-17,16:24:06,-07:00,2025-10-17T16:24:06-07:00,1,16
shared_css.css,91,css,7596450e,TristanRoman,2025-10-17,16:24:06,-07:00,2025-10-17T16:24:06-07:00,1,10
shared_css.css,92,css,7596450e,TristanRoman,2025-10-17,16:24:06,-07:00,2025-10-17T16:24:06-07:00,0,0
shared_css.css,93,css,c3d04a2d,TristanRoman,2025-10-10,21:42:02,-07:00,2025-10-10T21:42:02-07:00,0,0
shared_css.css,94,css,7596450e,TristanRoman,2025-10-17,16:24:06,-07:00,2025-10-17T16:24:06-07:00,0,41
shared_css.css,95,css,7596450e,TristanRoman,2025-10-17,16:24:06,-07:00,2025-10-17T16:24:06-07:00,0,24
shared_css.css,96,css,7596450e,TristanRoman,2025-10-17,16:24:06,-07:00,2025-10-17T16:24:06-07:00,1,12
shared_css.css,97,css,7596450e,TristanRoman,2025-10-17,16:24:06,-07:00,2025-10-17T16:24:06-07:00,1,16
shared_css.css,98,css,7596450e,TristanRoman,2025-10-17,16:24:06,-07:00,2025-10-17T16:24:06-07:00,1,72
shared_css.css,99,css,7596450e,TristanRoman,2025-10-17,16:24:06,-07:00,2025-10-17T16:24:06-07:00,1,11
shared_css.css,100,css,7596450e,TristanRoman,2025-10-17,16:24:06,-07:00,2025-10-17T16:24:06-07:00,1,12
shared_css.css,101,css,7596450e,TristanRoman,2025-10-17,16:24:06,-07:00,2025-10-17T16:24:06-07:00,1,53
shared_css.css,102,css,7596450e,TristanRoman,2025-10-17,16:24:06,-07:00,2025-10-17T16:24:06-07:00,0,0
shared_css.css,103,css,c3d04a2d,TristanRoman,2025-10-10,21:42:02,-07:00,2025-10-10T21:42:02-07:00,0,0
shared_css.css,104,css,7596450e,TristanRoman,2025-10-17,16:24:06,-07:00,2025-10-17T16:24:06-07:00,0,31
shared_css.css,105,css,7596450e,TristanRoman,2025-10-17,16:24:06,-07:00,2025-10-17T16:24:06-07:00,0,33
shared_css.css,106,css,7596450e,TristanRoman,2025-10-17,16:24:06,-07:00,2025-10-17T16:24:06-07:00,1,49
shared_css.css,107,css,7596450e,TristanRoman,2025-10-17,16:24:06,-07:00,2025-10-17T16:24:06-07:00,1,16
shared_css.css,108,css,7596450e,TristanRoman,2025-10-17,16:24:06,-07:00,2025-10-17T16:24:06-07:00,0,0
shared_css.css,109,css,f326fb91,TristanRoman,2025-10-24,13:57:29,-07:00,2025-10-24T13:57:29-07:00,0,33
shared_css.css,110,css,f326fb91,TristanRoman,2025-10-24,13:57:29,-07:00,2025-10-24T13:57:29-07:00,0,10
shared_css.css,111,css,f326fb91,TristanRoman,2025-10-24,13:57:29,-07:00,2025-10-24T13:57:29-07:00,0,9
shared_css.css,112,css,f326fb91,TristanRoman,2025-10-24,13:57:29,-07:00,2025-10-24T13:57:29-07:00,0,15
shared_css.css,113,css,f326fb91,TristanRoman,2025-10-24,13:57:29,-07:00,2025-10-24T13:57:29-07:00,0,17
shared_css.css,114,css,f326fb91,TristanRoman,2025-10-24,13:57:29,-07:00,2025-10-24T13:57:29-07:00,0,0
shared_css.css,115,css,f326fb91,TristanRoman,2025-10-24,13:57:29,-07:00,2025-10-24T13:57:29-07:00,0,0
shared_css.css,116,css,f326fb91,TristanRoman,2025-10-24,13:57:29,-07:00,2025-10-24T13:57:29-07:00,0,13
shared_css.css,117,css,f326fb91,TristanRoman,2025-10-24,13:57:29,-07:00,2025-10-24T13:57:29-07:00,0,9
shared_css.css,118,css,f326fb91,TristanRoman,2025-10-24,13:57:29,-07:00,2025-10-24T13:57:29-07:00,0,15
shared_css.css,119,css,f326fb91,TristanRoman,2025-10-24,13:57:29,-07:00,2025-10-24T13:57:29-07:00,0,15
shared_css.css,120,css,f326fb91,TristanRoman,2025-10-24,13:57:29,-07:00,2025-10-24T13:57:29-07:00,0,22
shared_css.css,121,css,f326fb91,TristanRoman,2025-10-24,13:57:29,-07:00,2025-10-24T13:57:29-07:00,0,17
shared_css.css,122,css,f326fb91,TristanRoman,2025-10-24,13:57:29,-07:00,2025-10-24T13:57:29-07:00,0,18
shared_css.css,123,css,f326fb91,TristanRoman,2025-10-24,13:57:29,-07:00,2025-10-24T13:57:29-07:00,0,11
shared_css.css,124,css,f326fb91,TristanRoman,2025-10-24,13:57:29,-07:00,2025-10-24T13:57:29-07:00,0,38
shared_css.css,125,css,f326fb91,TristanRoman,2025-10-24,13:57:29,-07:00,2025-10-24T13:57:29-07:00,0,15
shared_css.css,126,css,f326fb91,TristanRoman,2025-10-24,13:57:29,-07:00,2025-10-24T13:57:29-07:00,0,18
shared_css.css,127,css,f326fb91,TristanRoman,2025-10-24,13:57:29,-07:00,2025-10-24T13:57:29-07:00,0,24
shared_css.css,128,css,f326fb91,TristanRoman,2025-10-24,13:57:29,-07:00,2025-10-24T13:57:29-07:00,0,15
shared_css.css,129,css,f326fb91,TristanRoman,2025-10-24,13:57:29,-07:00,2025-10-24T13:57:29-07:00,2,10
shared_css.css,130,css,f326fb91,TristanRoman,2025-10-24,13:57:29,-07:00,2025-10-24T13:57:29-07:00,0,0
shared_css.css,131,css,f326fb91,TristanRoman,2025-10-24,13:57:29,-07:00,2025-10-24T13:57:29-07:00,0,0
shared_css.css,132,css,f326fb91,TristanRoman,2025-10-24,13:57:29,-07:00,2025-10-24T13:57:29-07:00,0,16
shared_css.css,133,css,f326fb91,TristanRoman,2025-10-24,13:57:29,-07:00,2025-10-24T13:57:29-07:00,0,14
shared_css.css,134,css,f326fb91,TristanRoman,2025-10-24,13:57:29,-07:00,2025-10-24T13:57:29-07:00,0,8
shared_css.css,135,css,f326fb91,TristanRoman,2025-10-24,13:57:29,-07:00,2025-10-24T13:57:29-07:00,0,17
shared_css.css,136,css,f326fb91,TristanRoman,2025-10-24,13:57:29,-07:00,2025-10-24T13:57:29-07:00,0,8
shared_css.css,137,css,f326fb91,TristanRoman,2025-10-24,13:57:29,-07:00,2025-10-24T13:57:29-07:00,0,10
shared_css.css,138,css,f326fb91,TristanRoman,2025-10-24,13:57:29,-07:00,2025-10-24T13:57:29-07:00,0,31
shared_css.css,139,css,f326fb91,TristanRoman,2025-10-24,13:57:29,-07:00,2025-10-24T13:57:29-07:00,2,13
shared_css.css,140,css,f326fb91,TristanRoman,2025-10-24,13:57:29,-07:00,2025-10-24T13:57:29-07:00,0,0
shared_css.css,141,css,f326fb91,TristanRoman,2025-10-24,13:57:29,-07:00,2025-10-24T13:57:29-07:00,0,0
shared_css.css,142,css,f326fb91,TristanRoman,2025-10-24,13:57:29,-07:00,2025-10-24T13:57:29-07:00,0,16
shared_css.css,143,css,f326fb91,TristanRoman,2025-10-24,13:57:29,-07:00,2025-10-24T13:57:29-07:00,0,14
shared_css.css,144,css,f326fb91,TristanRoman,2025-10-24,13:57:29,-07:00,2025-10-24T13:57:29-07:00,0,13
shared_css.css,145,css,f326fb91,TristanRoman,2025-10-24,13:57:29,-07:00,2025-10-24T13:57:29-07:00,0,18
shared_css.css,146,css,f326fb91,TristanRoman,2025-10-24,13:57:29,-07:00,2025-10-24T13:57:29-07:00,0,47
shared_css.css,147,css,f326fb91,TristanRoman,2025-10-24,13:57:29,-07:00,2025-10-24T13:57:29-07:00,0,0
shared_css.css,148,css,f326fb91,TristanRoman,2025-10-24,13:57:29,-07:00,2025-10-24T13:57:29-07:00,0,0
shared_css.css,149,css,f326fb91,TristanRoman,2025-10-24,13:57:29,-07:00,2025-10-24T13:57:29-07:00,0,15
shared_css.css,150,css,f326fb91,TristanRoman,2025-10-24,13:57:29,-07:00,2025-10-24T13:57:29-07:00,0,14
shared_css.css,151,css,f326fb91,TristanRoman,2025-10-24,13:57:29,-07:00,2025-10-24T13:57:29-07:00,0,16
shared_css.css,152,css,f326fb91,TristanRoman,2025-10-24,13:57:29,-07:00,2025-10-24T13:57:29-07:00,0,13
shared_css.css,153,css,f326fb91,TristanRoman,2025-10-24,13:57:29,-07:00,2025-10-24T13:57:29-07:00,0,14
shared_css.css,154,css,f326fb91,TristanRoman,2025-10-24,13:57:29,-07:00,2025-10-24T13:57:29-07:00,0,0
shared_css.css,155,css,f326fb91,TristanRoman,2025-10-24,13:57:29,-07:00,2025-10-24T13:57:29-07:00,0,0
shared_css.css,156,css,f326fb91,TristanRoman,2025-10-24,13:57:29,-07:00,2025-10-24T13:57:29-07:00,0,22
shared_css.css,157,css,f326fb91,TristanRoman,2025-10-24,13:57:29,-07:00,2025-10-24T13:57:29-07:00,0,7
shared_css.css,158,css,f326fb91,TristanRoman,2025-10-24,13:57:29,-07:00,2025-10-24T13:57:29-07:00,0,11
shared_css.css,159,css,f326fb91,TristanRoman,2025-10-24,13:57:29,-07:00,2025-10-24T13:57:29-07:00,0,0
shared_css.css,160,css,f326fb91,TristanRoman,2025-10-24,13:57:29,-07:00,2025-10-24T13:57:29-07:00,0,0
shared_css.css,161,css,f326fb91,TristanRoman,2025-10-24,13:57:29,-07:00,2025-10-24T13:57:29-07:00,0,20
shared_css.css,162,css,f326fb91,TristanRoman,2025-10-24,13:57:29,-07:00,2025-10-24T13:57:29-07:00,0,10
shared_css.css,163,css,f326fb91,TristanRoman,2025-10-24,13:57:29,-07:00,2025-10-24T13:57:29-07:00,0,17
shared_css.css,164,css,f326fb91,TristanRoman,2025-10-24,13:57:29,-07:00,2025-10-24T13:57:29-07:00,0,8
shared_css.css,165,css,f326fb91,TristanRoman,2025-10-24,13:57:29,-07:00,2025-10-24T13:57:29-07:00,0,9
shared_css.css,166,css,f326fb91,TristanRoman,2025-10-24,13:57:29,-07:00,2025-10-24T13:57:29-07:00,0,10
shared_css.css,167,css,f326fb91,TristanRoman,2025-10-24,13:57:29,-07:00,2025-10-24T13:57:29-07:00,0,11
shared_css.css,168,css,f326fb91,TristanRoman,2025-10-24,13:57:29,-07:00,2025-10-24T13:57:29-07:00,0,10
shared_css.css,169,css,f326fb91,TristanRoman,2025-10-24,13:57:29,-07:00,2025-10-24T13:57:29-07:00,0,76
shared_css.css,170,css,f326fb91,TristanRoman,2025-10-24,13:57:29,-07:00,2025-10-24T13:57:29-07:00,0,26
shared_css.css,171,css,f326fb91,TristanRoman,2025-10-24,13:57:29,-07:00,2025-10-24T13:57:29-07:00,0,0
shared_css.css,172,css,f326fb91,TristanRoman,2025-10-24,13:57:29,-07:00,2025-10-24T13:57:29-07:00,0,18
shared_css.css,173,css,f326fb91,TristanRoman,2025-10-24,13:57:29,-07:00,2025-10-24T13:57:29-07:00,0,12
shared_css.css,174,css,f326fb91,TristanRoman,2025-10-24,13:57:29,-07:00,2025-10-24T13:57:29-07:00,2,20
shared_css.css,175,css,f326fb91,TristanRoman,2025-10-24,13:57:29,-07:00,2025-10-24T13:57:29-07:00,2,20
shared_css.css,176,css,f326fb91,TristanRoman,2025-10-24,13:57:29,-07:00,2025-10-24T13:57:29-07:00,2,24
shared_css.css,177,css,f326fb91,TristanRoman,2025-10-24,13:57:29,-07:00,2025-10-24T13:57:29-07:00,2,13
shared_css.css,178,css,f326fb91,TristanRoman,2025-10-24,13:57:29,-07:00,2025-10-24T13:57:29-07:00,2,23
shared_css.css,179,css,f326fb91,TristanRoman,2025-10-24,13:57:29,-07:00,2025-10-24T13:57:29-07:00,2,28
shared_css.css,180,css,f326fb91,TristanRoman,2025-10-24,13:57:29,-07:00,2025-10-24T13:57:29-07:00,2,30
shared_css.css,181,css,f326fb91,TristanRoman,2025-10-24,13:57:29,-07:00,2025-10-24T13:57:29-07:00,2,31
shared_css.css,182,css,f326fb91,TristanRoman,2025-10-24,13:57:29,-07:00,2025-10-24T13:57:29-07:00,2,29
shared_css.css,183,css,f326fb91,TristanRoman,2025-10-24,13:57:29,-07:00,2025-10-24T13:57:29-07:00,2,0
shared_css.css,184,css,f326fb91,TristanRoman,2025-10-24,13:57:29,-07:00,2025-10-24T13:57:29-07:00,0,0
shared_css.css,185,css,f326fb91,TristanRoman,2025-10-24,13:57:29,-07:00,2025-10-24T13:57:29-07:00,0,0
shared_css.css,186,css,f326fb91,TristanRoman,2025-10-24,13:57:29,-07:00,2025-10-24T13:57:29-07:00,0,24
shared_css.css,187,css,f326fb91,TristanRoman,2025-10-24,13:57:29,-07:00,2025-10-24T13:57:29-07:00,1,12
shared_css.css,188,css,f326fb91,TristanRoman,2025-10-24,13:57:29,-07:00,2025-10-24T13:57:29-07:00,1,36
shared_css.css,189,css,f326fb91,TristanRoman,2025-10-24,13:57:29,-07:00,2025-10-24T13:57:29-07:00,1,14
shared_css.css,190,css,f326fb91,TristanRoman,2025-10-24,13:57:29,-07:00,2025-10-24T13:57:29-07:00,1,22
shared_css.css,191,css,f326fb91,TristanRoman,2025-10-24,13:57:29,-07:00,2025-10-24T13:57:29-07:00,0,0
shared_css.css,192,css,f326fb91,TristanRoman,2025-10-24,13:57:29,-07:00,2025-10-24T13:57:29-07:00,0,17
shared_css.css,193,css,f326fb91,TristanRoman,2025-10-24,13:57:29,-07:00,2025-10-24T13:57:29-07:00,1,10
shared_css.css,194,css,f326fb91,TristanRoman,2025-10-24,13:57:29,-07:00,2025-10-24T13:57:29-07:00,1,15
shared_css.css,195,css,f326fb91,TristanRoman,2025-10-24,13:57:29,-07:00,2025-10-24T13:57:29-07:00,0,0
shared_css.css,196,css,f326fb91,TristanRoman,2025-10-24,13:57:29,-07:00,2025-10-24T13:57:29-07:00,0,17
shared_css.css,197,css,f326fb91,TristanRoman,2025-10-24,13:57:29,-07:00,2025-10-24T13:57:29-07:00,1,10
shared_css.css,198,css,f326fb91,TristanRoman,2025-10-24,13:57:29,-07:00,2025-10-24T13:57:29-07:00,1,8
shared_css.css,199,css,f326fb91,TristanRoman,2025-10-24,13:57:29,-07:00,2025-10-24T13:57:29-07:00,0,0
resume.html,1,html,258d3a03,TristanRoman,2025-10-03,21:43:27,-07:00,2025-10-03T21:43:27-07:00,0,13
resume.html,2,html,258d3a03,TristanRoman,2025-10-03,21:43:27,-07:00,2025-10-03T21:43:27-07:00,0,14
resume.html,3,html,258d3a03,TristanRoman,2025-10-03,21:43:27,-07:00,2025-10-03T21:43:27-07:00,0,4
resume.html,4,html,258d3a03,TristanRoman,2025-10-03,21:43:27,-07:00,2025-10-03T21:43:27-07:00,2,20
resume.html,5,html,258d3a03,TristanRoman,2025-10-03,21:43:27,-07:00,2025-10-03T21:43:27-07:00,2,51
resume.html,6,html,258d3a03,TristanRoman,2025-10-03,21:43:27,-07:00,2025-10-03T21:43:27-07:00,2,68
resume.html,7,html,258d3a03,TristanRoman,2025-10-03,21:43:27,-07:00,2025-10-03T21:43:27-07:00,2,19
resume.html,8,html,258d3a03,TristanRoman,2025-10-03,21:43:27,-07:00,2025-10-03T21:43:27-07:00,2,71
resume.html,9,html,258d3a03,TristanRoman,2025-10-03,21:43:27,-07:00,2025-10-03T21:43:27-07:00,2,41
resume.html,10,html,258d3a03,TristanRoman,2025-10-03,21:43:27,-07:00,2025-10-03T21:43:27-07:00,0,5
resume.html,11,html,258d3a03,TristanRoman,2025-10-03,21:43:27,-07:00,2025-10-03T21:43:27-07:00,0,4
resume.html,12,html,258d3a03,TristanRoman,2025-10-03,21:43:27,-07:00,2025-10-03T21:43:27-07:00,2,6
resume.html,13,html,7596450e,TristanRoman,2025-10-17,16:24:06,-07:00,2025-10-17T16:24:06-07:00,4,36
resume.html,14,html,258d3a03,TristanRoman,2025-10-03,21:43:27,-07:00,2025-10-03T21:43:27-07:00,6,29
resume.html,15,html,258d3a03,TristanRoman,2025-10-03,21:43:27,-07:00,2025-10-03T21:43:27-07:00,6,32
resume.html,16,html,258d3a03,TristanRoman,2025-10-03,21:43:27,-07:00,2025-10-03T21:43:27-07:00,6,43
resume.html,17,html,258d3a03,TristanRoman,2025-10-03,21:43:27,-07:00,2025-10-03T21:43:27-07:00,6,44
resume.html,18,html,7dd2dc16,TristanRoman,2025-10-10,22:09:19,-07:00,2025-10-10T22:09:19-07:00,6,60
resume.html,19,html,3c05de95,TristanRoman,2025-10-03,23:37:22,-07:00,2025-10-03T23:37:22-07:00,6,45
resume.html,20,html,7596450e,TristanRoman,2025-10-17,16:24:06,-07:00,2025-10-17T16:24:06-07:00,4,25
resume.html,21,html,258d3a03,TristanRoman,2025-10-03,21:43:27,-07:00,2025-10-03T21:43:27-07:00,2,7
resume.html,22,html,258d3a03,TristanRoman,2025-10-03,21:43:27,-07:00,2025-10-03T21:43:27-07:00,2,4
resume.html,23,html,258d3a03,TristanRoman,2025-10-03,21:43:27,-07:00,2025-10-03T21:43:27-07:00,4,76
resume.html,24,html,258d3a03,TristanRoman,2025-10-03,21:43:27,-07:00,2025-10-03T21:43:27-07:00,6,33
resume.html,25,html,258d3a03,TristanRoman,2025-10-03,21:43:27,-07:00,2025-10-03T21:43:27-07:00,4,4
resume.html,26,html,258d3a03,TristanRoman,2025-10-03,21:43:27,-07:00,2025-10-03T21:43:27-07:00,4,30
resume.html,27,html,258d3a03,TristanRoman,2025-10-03,21:43:27,-07:00,2025-10-03T21:43:27-07:00,4,5
resume.html,28,html,258d3a03,TristanRoman,2025-10-03,21:43:27,-07:00,2025-10-03T21:43:27-07:00,6,30
resume.html,29,html,258d3a03,TristanRoman,2025-10-03,21:43:27,-07:00,2025-10-03T21:43:27-07:00,6,19
resume.html,30,html,258d3a03,TristanRoman,2025-10-03,21:43:27,-07:00,2025-10-03T21:43:27-07:00,6,23
resume.html,31,html,258d3a03,TristanRoman,2025-10-03,21:43:27,-07:00,2025-10-03T21:43:27-07:00,4,7
resume.html,32,html,258d3a03,TristanRoman,2025-10-03,21:43:27,-07:00,2025-10-03T21:43:27-07:00,2,5
resume.html,33,html,7596450e,TristanRoman,2025-10-17,16:24:06,-07:00,2025-10-17T16:24:06-07:00,2,47
resume.html,34,html,258d3a03,TristanRoman,2025-10-03,21:43:27,-07:00,2025-10-03T21:43:27-07:00,0,5
resume.html,35,html,258d3a03,TristanRoman,2025-10-03,21:43:27,-07:00,2025-10-03T21:43:27-07:00,0,5
resume.css,1,css,258d3a03,TristanRoman,2025-10-03,21:43:27,-07:00,2025-10-03T21:43:27-07:00,0,57
resume.css,2,css,258d3a03,TristanRoman,2025-10-03,21:43:27,-07:00,2025-10-03T21:43:27-07:00,0,9
resume.css,3,css,258d3a03,TristanRoman,2025-10-03,21:43:27,-07:00,2025-10-03T21:43:27-07:00,2,12
resume.css,4,css,258d3a03,TristanRoman,2025-10-03,21:43:27,-07:00,2025-10-03T21:43:27-07:00,2,108
resume.css,5,css,258d3a03,TristanRoman,2025-10-03,21:43:27,-07:00,2025-10-03T21:43:27-07:00,2,23
resume.css,6,css,258d3a03,TristanRoman,2025-10-03,21:43:27,-07:00,2025-10-03T21:43:27-07:00,2,79
resume.css,7,css,258d3a03,TristanRoman,2025-10-03,21:43:27,-07:00,2025-10-03T21:43:27-07:00,11,67
resume.css,8,css,258d3a03,TristanRoman,2025-10-03,21:43:27,-07:00,2025-10-03T21:43:27-07:00,2,21
resume.css,9,css,258d3a03,TristanRoman,2025-10-03,21:43:27,-07:00,2025-10-03T21:43:27-07:00,2,18
resume.css,10,css,258d3a03,TristanRoman,2025-10-03,21:43:27,-07:00,2025-10-03T21:43:27-07:00,2,41
resume.css,11,css,258d3a03,TristanRoman,2025-10-03,21:43:27,-07:00,2025-10-03T21:43:27-07:00,0,0
resume.css,12,css,258d3a03,TristanRoman,2025-10-03,21:43:27,-07:00,2025-10-03T21:43:27-07:00,0,0
resume.css,13,css,258d3a03,TristanRoman,2025-10-03,21:43:27,-07:00,2025-10-03T21:43:27-07:00,0,49
resume.css,14,css,258d3a03,TristanRoman,2025-10-03,21:43:27,-07:00,2025-10-03T21:43:27-07:00,0,13
resume.css,15,css,258d3a03,TristanRoman,2025-10-03,21:43:27,-07:00,2025-10-03T21:43:27-07:00,2,13
resume.css,16,css,258d3a03,TristanRoman,2025-10-03,21:43:27,-07:00,2025-10-03T21:43:27-07:00,2,41
resume.css,17,css,258d3a03,TristanRoman,2025-10-03,21:43:27,-07:00,2025-10-03T21:43:27-07:00,2,16
resume.css,18,css,258d3a03,TristanRoman,2025-10-03,21:43:27,-07:00,2025-10-03T21:43:27-07:00,2,17
resume.css,19,css,258d3a03,TristanRoman,2025-10-03,21:43:27,-07:00,2025-10-03T21:43:27-07:00,2,12
resume.css,20,css,258d3a03,TristanRoman,2025-10-03,21:43:27,-07:00,2025-10-03T21:43:27-07:00,2,10
resume.css,21,css,258d3a03,TristanRoman,2025-10-03,21:43:27,-07:00,2025-10-03T21:43:27-07:00,0,0
resume.css,22,css,258d3a03,TristanRoman,2025-10-03,21:43:27,-07:00,2025-10-03T21:43:27-07:00,0,0
resume.css,23,css,7596450e,TristanRoman,2025-10-17,16:24:06,-07:00,2025-10-17T16:24:06-07:00,0,13
resume.css,24,css,7596450e,TristanRoman,2025-10-17,16:24:06,-07:00,2025-10-17T16:24:06-07:00,1,53
resume.css,25,css,7596450e,TristanRoman,2025-10-17,16:24:06,-07:00,2025-10-17T16:24:06-07:00,0,0
resume.css,26,css,258d3a03,TristanRoman,2025-10-03,21:43:27,-07:00,2025-10-03T21:43:27-07:00,0,0
resume.css,27,css,258d3a03,TristanRoman,2025-10-03,21:43:27,-07:00,2025-10-03T21:43:27-07:00,1,0
projectwork.html,1,html,258d3a03,TristanRoman,2025-10-03,21:43:27,-07:00,2025-10-03T21:43:27-07:00,0,13
projectwork.html,2,html,258d3a03,TristanRoman,2025-10-03,21:43:27,-07:00,2025-10-03T21:43:27-07:00,0,14
projectwork.html,3,html,258d3a03,TristanRoman,2025-10-03,21:43:27,-07:00,2025-10-03T21:43:27-07:00,0,4
projectwork.html,4,html,258d3a03,TristanRoman,2025-10-03,21:43:27,-07:00,2025-10-03T21:43:27-07:00,2,20
projectwork.html,5,html,258d3a03,TristanRoman,2025-10-03,21:43:27,-07:00,2025-10-03T21:43:27-07:00,2,51
projectwork.html,6,html,258d3a03,TristanRoman,2025-10-03,21:43:27,-07:00,2025-10-03T21:43:27-07:00,2,68
projectwork.html,7,html,258d3a03,TristanRoman,2025-10-03,21:43:27,-07:00,2025-10-03T21:43:27-07:00,2,25
projectwork.html,8,html,258d3a03,TristanRoman,2025-10-03,21:43:27,-07:00,2025-10-03T21:43:27-07:00,2,45
projectwork.html,9,html,258d3a03,TristanRoman,2025-10-03,21:43:27,-07:00,2025-10-03T21:43:27-07:00,2,46
projectwork.html,10,html,258d3a03,TristanRoman,2025-10-03,21:43:27,-07:00,2025-10-03T21:43:27-07:00,0,5
projectwork.html,11,html,258d3a03,TristanRoman,2025-10-03,21:43:27,-07:00,2025-10-03T21:43:27-07:00,0,4
projectwork.html,12,html,258d3a03,TristanRoman,2025-10-03,21:43:27,-07:00,2025-10-03T21:43:27-07:00,2,6
projectwork.html,13,html,7596450e,TristanRoman,2025-10-17,16:24:06,-07:00,2025-10-17T16:24:06-07:00,4,36
projectwork.html,14,html,258d3a03,TristanRoman,2025-10-03,21:43:27,-07:00,2025-10-03T21:43:27-07:00,6,29
projectwork.html,15,html,258d3a03,TristanRoman,2025-10-03,21:43:27,-07:00,2025-10-03T21:43:27-07:00,6,32
projectwork.html,16,html,258d3a03,TristanRoman,2025-10-03,21:43:27,-07:00,2025-10-03T21:43:27-07:00,6,43
projectwork.html,17,html,258d3a03,TristanRoman,2025-10-03,21:43:27,-07:00,2025-10-03T21:43:27-07:00,6,44
projectwork.html,18,html,7dd2dc16,TristanRoman,2025-10-10,22:09:19,-07:00,2025-10-10T22:09:19-07:00,6,60
projectwork.html,19,html,3c05de95,TristanRoman,2025-10-03,23:37:22,-07:00,2025-10-03T23:37:22-07:00,6,45
projectwork.html,20,html,7596450e,TristanRoman,2025-10-17,16:24:06,-07:00,2025-10-17T16:24:06-07:00,4,25
projectwork.html,21,html,258d3a03,TristanRoman,2025-10-03,21:43:27,-07:00,2025-10-03T21:43:27-07:00,2,7
projectwork.html,22,html,258d3a03,TristanRoman,2025-10-03,21:43:27,-07:00,2025-10-03T21:43:27-07:00,2,4
projectwork.html,23,html,c9af9eaa,TristanRoman,2025-10-31,17:57:54,-07:00,2025-10-31T17:57:54-07:00,3,0
projectwork.html,24,html,c9af9eaa,TristanRoman,2025-10-31,17:57:54,-07:00,2025-10-31T17:57:54-07:00,0,0
projectwork.html,25,html,258d3a03,TristanRoman,2025-10-03,21:43:27,-07:00,2025-10-03T21:43:27-07:00,4,76
projectwork.html,26,html,258d3a03,TristanRoman,2025-10-03,21:43:27,-07:00,2025-10-03T21:43:27-07:00,6,39
projectwork.html,27,html,258d3a03,TristanRoman,2025-10-03,21:43:27,-07:00,2025-10-03T21:43:27-07:00,4,4
projectwork.html,28,html,258d3a03,TristanRoman,2025-10-03,21:43:27,-07:00,2025-10-03T21:43:27-07:00,0,0
projectwork.html,29,html,258d3a03,TristanRoman,2025-10-03,21:43:27,-07:00,2025-10-03T21:43:27-07:00,4,74
projectwork.html,30,html,258d3a03,TristanRoman,2025-10-03,21:43:27,-07:00,2025-10-03T21:43:27-07:00,6,77
projectwork.html,31,html,258d3a03,TristanRoman,2025-10-03,21:43:27,-07:00,2025-10-03T21:43:27-07:00,0,0
projectwork.html,32,html,258d3a03,TristanRoman,2025-10-03,21:43:27,-07:00,2025-10-03T21:43:27-07:00,4,115
projectwork.html,33,html,258d3a03,TristanRoman,2025-10-03,21:43:27,-07:00,2025-10-03T21:43:27-07:00,6,50
projectwork.html,34,html,258d3a03,TristanRoman,2025-10-03,21:43:27,-07:00,2025-10-03T21:43:27-07:00,6,73
projectwork.html,35,html,258d3a03,TristanRoman,2025-10-03,21:43:27,-07:00,2025-10-03T21:43:27-07:00,0,0
projectwork.html,36,html,258d3a03,TristanRoman,2025-10-03,21:43:27,-07:00,2025-10-03T21:43:27-07:00,6,3
projectwork.html,37,html,258d3a03,TristanRoman,2025-10-03,21:43:27,-07:00,2025-10-03T21:43:27-07:00,4,4
projectwork.html,38,html,258d3a03,TristanRoman,2025-10-03,21:43:27,-07:00,2025-10-03T21:43:27-07:00,4,98
projectwork.html,39,html,258d3a03,TristanRoman,2025-10-03,21:43:27,-07:00,2025-10-03T21:43:27-07:00,4,39
projectwork.html,40,html,258d3a03,TristanRoman,2025-10-03,21:43:27,-07:00,2025-10-03T21:43:27-07:00,6,55
projectwork.html,41,html,258d3a03,TristanRoman,2025-10-03,21:43:27,-07:00,2025-10-03T21:43:27-07:00,6,20
projectwork.html,42,html,f326fb91,TristanRoman,2025-10-24,13:57:29,-07:00,2025-10-24T13:57:29-07:00,8,46
projectwork.html,43,html,258d3a03,TristanRoman,2025-10-03,21:43:27,-07:00,2025-10-03T21:43:27-07:00,6,3
projectwork.html,44,html,258d3a03,TristanRoman,2025-10-03,21:43:27,-07:00,2025-10-03T21:43:27-07:00,4,4
projectwork.html,45,html,258d3a03,TristanRoman,2025-10-03,21:43:27,-07:00,2025-10-03T21:43:27-07:00,4,32
projectwork.html,46,html,258d3a03,TristanRoman,2025-10-03,21:43:27,-07:00,2025-10-03T21:43:27-07:00,6,59
projectwork.html,47,html,258d3a03,TristanRoman,2025-10-03,21:43:27,-07:00,2025-10-03T21:43:27-07:00,6,20
projectwork.html,48,html,f326fb91,TristanRoman,2025-10-24,13:57:29,-07:00,2025-10-24T13:57:29-07:00,8,0
projectwork.html,49,html,258d3a03,TristanRoman,2025-10-03,21:43:27,-07:00,2025-10-03T21:43:27-07:00,6,3
projectwork.html,50,html,258d3a03,TristanRoman,2025-10-03,21:43:27,-07:00,2025-10-03T21:43:27-07:00,4,4
projectwork.html,51,html,258d3a03,TristanRoman,2025-10-03,21:43:27,-07:00,2025-10-03T21:43:27-07:00,2,5
projectwork.html,52,html,7596450e,TristanRoman,2025-10-17,16:24:06,-07:00,2025-10-17T16:24:06-07:00,2,47
projectwork.html,53,html,f326fb91,TristanRoman,2025-10-24,13:57:29,-07:00,2025-10-24T13:57:29-07:00,2,62
projectwork.html,54,html,c9af9eaa,TristanRoman,2025-10-31,17:57:54,-07:00,2025-10-31T17:57:54-07:00,2,17
projectwork.html,55,html,c9af9eaa,TristanRoman,2025-10-31,17:57:54,-07:00,2025-10-31T17:57:54-07:00,1,49
projectwork.html,56,html,c9af9eaa,TristanRoman,2025-10-31,17:57:54,-07:00,2025-10-31T17:57:54-07:00,0,0
projectwork.html,57,html,c9af9eaa,TristanRoman,2025-10-31,17:57:54,-07:00,2025-10-31T17:57:54-07:00,1,66
projectwork.html,58,html,c9af9eaa,TristanRoman,2025-10-31,17:57:54,-07:00,2025-10-31T17:57:54-07:00,2,58
projectwork.html,59,html,c9af9eaa,TristanRoman,2025-10-31,17:57:54,-07:00,2025-10-31T17:57:54-07:00,2,22
projectwork.html,60,html,c9af9eaa,TristanRoman,2025-10-31,17:57:54,-07:00,2025-10-31T17:57:54-07:00,1,4
projectwork.html,61,html,c9af9eaa,TristanRoman,2025-10-31,17:57:54,-07:00,2025-10-31T17:57:54-07:00,0,0
projectwork.html,62,html,c9af9eaa,TristanRoman,2025-10-31,17:57:54,-07:00,2025-10-31T17:57:54-07:00,1,56
projectwork.html,63,html,c9af9eaa,TristanRoman,2025-10-31,17:57:54,-07:00,2025-10-31T17:57:54-07:00,4,63
projectwork.html,64,html,c9af9eaa,TristanRoman,2025-10-31,17:57:54,-07:00,2025-10-31T17:57:54-07:00,0,0
projectwork.html,65,html,c9af9eaa,TristanRoman,2025-10-31,17:57:54,-07:00,2025-10-31T17:57:54-07:00,1,44
projectwork.html,66,html,c9af9eaa,TristanRoman,2025-10-31,17:57:54,-07:00,2025-10-31T17:57:54-07:00,1,41
projectwork.html,67,html,c9af9eaa,TristanRoman,2025-10-31,17:57:54,-07:00,2025-10-31T17:57:54-07:00,0,8
projectwork.html,68,html,c9af9eaa,TristanRoman,2025-10-31,17:57:54,-07:00,2025-10-31T17:57:54-07:00,0,0
projectwork.html,69,html,258d3a03,TristanRoman,2025-10-03,21:43:27,-07:00,2025-10-03T21:43:27-07:00,0,5
projectwork.html,70,html,258d3a03,TristanRoman,2025-10-03,21:43:27,-07:00,2025-10-03T21:43:27-07:00,0,5
projectwork.css,1,css,258d3a03,TristanRoman,2025-10-03,21:43:27,-07:00,2025-10-03T21:43:27-07:00,0,57
projectwork.css,2,css,258d3a03,TristanRoman,2025-10-03,21:43:27,-07:00,2025-10-03T21:43:27-07:00,0,9
projectwork.css,3,css,258d3a03,TristanRoman,2025-10-03,21:43:27,-07:00,2025-10-03T21:43:27-07:00,2,12
projectwork.css,4,css,258d3a03,TristanRoman,2025-10-03,21:43:27,-07:00,2025-10-03T21:43:27-07:00,2,26
projectwork.css,5,css,258d3a03,TristanRoman,2025-10-03,21:43:27,-07:00,2025-10-03T21:43:27-07:00,2,23
projectwork.css,6,css,258d3a03,TristanRoman,2025-10-03,21:43:27,-07:00,2025-10-03T21:43:27-07:00,2,80
projectwork.css,7,css,258d3a03,TristanRoman,2025-10-03,21:43:27,-07:00,2025-10-03T21:43:27-07:00,11,36
projectwork.css,8,css,258d3a03,TristanRoman,2025-10-03,21:43:27,-07:00,2025-10-03T21:43:27-07:00,2,21
projectwork.css,9,css,258d3a03,TristanRoman,2025-10-03,21:43:27,-07:00,2025-10-03T21:43:27-07:00,2,18
projectwork.css,10,css,258d3a03,TristanRoman,2025-10-03,21:43:27,-07:00,2025-10-03T21:43:27-07:00,2,41
projectwork.css,11,css,258d3a03,TristanRoman,2025-10-03,21:43:27,-07:00,2025-10-03T21:43:27-07:00,0,0
projectwork.css,12,css,258d3a03,TristanRoman,2025-10-03,21:43:27,-07:00,2025-10-03T21:43:27-07:00,0,0
projectwork.css,13,css,258d3a03,TristanRoman,2025-10-03,21:43:27,-07:00,2025-10-03T21:43:27-07:00,0,48
projectwork.css,14,css,258d3a03,TristanRoman,2025-10-03,21:43:27,-07:00,2025-10-03T21:43:27-07:00,0,23
projectwork.css,15,css,258d3a03,TristanRoman,2025-10-03,21:43:27,-07:00,2025-10-03T21:43:27-07:00,2,12
projectwork.css,16,css,258d3a03,TristanRoman,2025-10-03,21:43:27,-07:00,2025-10-03T21:43:27-07:00,2,31
projectwork.css,17,css,258d3a03,TristanRoman,2025-10-03,21:43:27,-07:00,2025-10-03T21:43:27-07:00,2,23
projectwork.css,18,css,258d3a03,TristanRoman,2025-10-03,21:43:27,-07:00,2025-10-03T21:43:27-07:00,2,21
projectwork.css,19,css,258d3a03,TristanRoman,2025-10-03,21:43:27,-07:00,2025-10-03T21:43:27-07:00,2,18
projectwork.css,20,css,258d3a03,TristanRoman,2025-10-03,21:43:27,-07:00,2025-10-03T21:43:27-07:00,2,41
projectwork.css,21,css,258d3a03,TristanRoman,2025-10-03,21:43:27,-07:00,2025-10-03T21:43:27-07:00,0,0
projectwork.css,22,css,258d3a03,TristanRoman,2025-10-03,21:43:27,-07:00,2025-10-03T21:43:27-07:00,0,0
projectwork.css,23,css,258d3a03,TristanRoman,2025-10-03,21:43:27,-07:00,2025-10-03T21:43:27-07:00,0,52
projectwork.css,24,css,258d3a03,TristanRoman,2025-10-03,21:43:27,-07:00,2025-10-03T21:43:27-07:00,0,27
projectwork.css,25,css,258d3a03,TristanRoman,2025-10-03,21:43:27,-07:00,2025-10-03T21:43:27-07:00,2,12
projectwork.css,26,css,258d3a03,TristanRoman,2025-10-03,21:43:27,-07:00,2025-10-03T21:43:27-07:00,2,31
projectwork.css,27,css,258d3a03,TristanRoman,2025-10-03,21:43:27,-07:00,2025-10-03T21:43:27-07:00,2,23
projectwork.css,28,css,258d3a03,TristanRoman,2025-10-03,21:43:27,-07:00,2025-10-03T21:43:27-07:00,2,21
projectwork.css,29,css,258d3a03,TristanRoman,2025-10-03,21:43:27,-07:00,2025-10-03T21:43:27-07:00,2,18
projectwork.css,30,css,258d3a03,TristanRoman,2025-10-03,21:43:27,-07:00,2025-10-03T21:43:27-07:00,2,41
projectwork.css,31,css,258d3a03,TristanRoman,2025-10-03,21:43:27,-07:00,2025-10-03T21:43:27-07:00,0,0
projectwork.css,32,css,258d3a03,TristanRoman,2025-10-03,21:43:27,-07:00,2025-10-03T21:43:27-07:00,0,0
projectwork.css,33,css,258d3a03,TristanRoman,2025-10-03,21:43:27,-07:00,2025-10-03T21:43:27-07:00,0,57
projectwork.css,34,css,258d3a03,TristanRoman,2025-10-03,21:43:27,-07:00,2025-10-03T21:43:27-07:00,0,20
projectwork.css,35,css,258d3a03,TristanRoman,2025-10-03,21:43:27,-07:00,2025-10-03T21:43:27-07:00,2,12
projectwork.css,36,css,258d3a03,TristanRoman,2025-10-03,21:43:27,-07:00,2025-10-03T21:43:27-07:00,2,31
projectwork.css,37,css,258d3a03,TristanRoman,2025-10-03,21:43:27,-07:00,2025-10-03T21:43:27-07:00,2,23
projectwork.css,38,css,258d3a03,TristanRoman,2025-10-03,21:43:27,-07:00,2025-10-03T21:43:27-07:00,2,21
projectwork.css,39,css,258d3a03,TristanRoman,2025-10-03,21:43:27,-07:00,2025-10-03T21:43:27-07:00,2,18
projectwork.css,40,css,258d3a03,TristanRoman,2025-10-03,21:43:27,-07:00,2025-10-03T21:43:27-07:00,2,41
projectwork.css,41,css,258d3a03,TristanRoman,2025-10-03,21:43:27,-07:00,2025-10-03T21:43:27-07:00,0,0
projectwork.css,42,css,258d3a03,TristanRoman,2025-10-03,21:43:27,-07:00,2025-10-03T21:43:27-07:00,0,0
projectwork.css,43,css,258d3a03,TristanRoman,2025-10-03,21:43:27,-07:00,2025-10-03T21:43:27-07:00,0,31
projectwork.css,44,css,258d3a03,TristanRoman,2025-10-03,21:43:27,-07:00,2025-10-03T21:43:27-07:00,0,16
projectwork.css,45,css,258d3a03,TristanRoman,2025-10-03,21:43:27,-07:00,2025-10-03T21:43:27-07:00,2,11
projectwork.css,46,css,258d3a03,TristanRoman,2025-10-03,21:43:27,-07:00,2025-10-03T21:43:27-07:00,2,38
projectwork.css,47,css,258d3a03,TristanRoman,2025-10-03,21:43:27,-07:00,2025-10-03T21:43:27-07:00,2,13
projectwork.css,48,css,258d3a03,TristanRoman,2025-10-03,21:43:27,-07:00,2025-10-03T21:43:27-07:00,2,16
projectwork.css,49,css,258d3a03,TristanRoman,2025-10-03,21:43:27,-07:00,2025-10-03T21:43:27-07:00,2,17
projectwork.css,50,css,258d3a03,TristanRoman,2025-10-03,21:43:27,-07:00,2025-10-03T21:43:27-07:00,2,15
projectwork.css,51,css,258d3a03,TristanRoman,2025-10-03,21:43:27,-07:00,2025-10-03T21:43:27-07:00,2,24
projectwork.css,52,css,258d3a03,TristanRoman,2025-10-03,21:43:27,-07:00,2025-10-03T21:43:27-07:00,2,24
projectwork.css,53,css,258d3a03,TristanRoman,2025-10-03,21:43:27,-07:00,2025-10-03T21:43:27-07:00,2,41
projectwork.css,54,css,258d3a03,TristanRoman,2025-10-03,21:43:27,-07:00,2025-10-03T21:43:27-07:00,0,0
projectwork.css,55,css,258d3a03,TristanRoman,2025-10-03,21:43:27,-07:00,2025-10-03T21:43:27-07:00,0,0
projectwork.css,56,css,258d3a03,TristanRoman,2025-10-03,21:43:27,-07:00,2025-10-03T21:43:27-07:00,0,71
projectwork.css,57,css,258d3a03,TristanRoman,2025-10-03,21:43:27,-07:00,2025-10-03T21:43:27-07:00,1,75
projectwork.css,58,css,c9af9eaa,TristanRoman,2025-10-31,17:57:54,-07:00,2025-10-31T17:57:54-07:00,0,66
projectwork.css,59,css,258d3a03,TristanRoman,2025-10-03,21:43:27,-07:00,2025-10-03T21:43:27-07:00,0,0
projectwork.css,60,css,c9af9eaa,TristanRoman,2025-10-31,17:57:54,-07:00,2025-10-31T17:57:54-07:00,0,49
projectwork.css,61,css,c9af9eaa,TristanRoman,2025-10-31,17:57:54,-07:00,2025-10-31T17:57:54-07:00,0,0
projectwork.css,62,css,c9af9eaa,TristanRoman,2025-10-31,17:57:54,-07:00,2025-10-31T17:57:54-07:00,0,17
projectwork.css,63,css,c9af9eaa,TristanRoman,2025-10-31,17:57:54,-07:00,2025-10-31T17:57:54-07:00,1,12
projectwork.css,64,css,c9af9eaa,TristanRoman,2025-10-31,17:57:54,-07:00,2025-10-31T17:57:54-07:00,1,18
projectwork.css,65,css,c9af9eaa,TristanRoman,2025-10-31,17:57:54,-07:00,2025-10-31T17:57:54-07:00,1,10
projectwork.css,66,css,c9af9eaa,TristanRoman,2025-10-31,17:57:54,-07:00,2025-10-31T17:57:54-07:00,1,14
projectwork.css,67,css,c9af9eaa,TristanRoman,2025-10-31,17:57:54,-07:00,2025-10-31T17:57:54-07:00,1,24
projectwork.css,68,css,c9af9eaa,TristanRoman,2025-10-31,17:57:54,-07:00,2025-10-31T17:57:54-07:00,0,0
projectwork.css,69,css,c9af9eaa,TristanRoman,2025-10-31,17:57:54,-07:00,2025-10-31T17:57:54-07:00,0,0
projectwork.css,70,css,c9af9eaa,TristanRoman,2025-10-31,17:57:54,-07:00,2025-10-31T17:57:54-07:00,0,24
projectwork.css,71,css,c9af9eaa,TristanRoman,2025-10-31,17:57:54,-07:00,2025-10-31T17:57:54-07:00,1,14
projectwork.css,72,css,c9af9eaa,TristanRoman,2025-10-31,17:57:54,-07:00,2025-10-31T17:57:54-07:00,1,19
projectwork.css,73,css,c9af9eaa,TristanRoman,2025-10-31,17:57:54,-07:00,2025-10-31T17:57:54-07:00,1,58
projectwork.css,74,css,c9af9eaa,TristanRoman,2025-10-31,17:57:54,-07:00,2025-10-31T17:57:54-07:00,0,0
projectwork.css,75,css,c9af9eaa,TristanRoman,2025-10-31,17:57:54,-07:00,2025-10-31T17:57:54-07:00,0,0
projectwork.css,76,css,c9af9eaa,TristanRoman,2025-10-31,17:57:54,-07:00,2025-10-31T17:57:54-07:00,0,19
projectwork.css,77,css,c9af9eaa,TristanRoman,2025-10-31,17:57:54,-07:00,2025-10-31T17:57:54-07:00,0,13
projectwork.css,78,css,c9af9eaa,TristanRoman,2025-10-31,17:57:54,-07:00,2025-10-31T17:57:54-07:00,1,12
projectwork.css,79,css,c9af9eaa,TristanRoman,2025-10-31,17:57:54,-07:00,2025-10-31T17:57:54-07:00,1,57
projectwork.css,80,css,c9af9eaa,TristanRoman,2025-10-31,17:57:54,-07:00,2025-10-31T17:57:54-07:00,1,16
projectwork.css,81,css,c9af9eaa,TristanRoman,2025-10-31,17:57:54,-07:00,2025-10-31T17:57:54-07:00,1,15
projectwork.css,82,css,c9af9eaa,TristanRoman,2025-10-31,17:57:54,-07:00,2025-10-31T17:57:54-07:00,1,21
projectwork.css,83,css,c9af9eaa,TristanRoman,2025-10-31,17:57:54,-07:00,2025-10-31T17:57:54-07:00,1,20
projectwork.css,84,css,c9af9eaa,TristanRoman,2025-10-31,17:57:54,-07:00,2025-10-31T17:57:54-07:00,1,6
projectwork.css,85,css,c9af9eaa,TristanRoman,2025-10-31,17:57:54,-07:00,2025-10-31T17:57:54-07:00,1,15
projectwork.css,86,css,c9af9eaa,TristanRoman,2025-10-31,17:57:54,-07:00,2025-10-31T17:57:54-07:00,1,8
projectwork.css,87,css,c9af9eaa,TristanRoman,2025-10-31,17:57:54,-07:00,2025-10-31T17:57:54-07:00,0,0
projectwork.css,88,css,c9af9eaa,TristanRoman,2025-10-31,17:57:54,-07:00,2025-10-31T17:57:54-07:00,0,0
projectwork.css,89,css,c9af9eaa,TristanRoman,2025-10-31,17:57:54,-07:00,2025-10-31T17:57:54-07:00,0,16
projectwork.css,90,css,c9af9eaa,TristanRoman,2025-10-31,17:57:54,-07:00,2025-10-31T17:57:54-07:00,1,12
projectwork.css,91,css,c9af9eaa,TristanRoman,2025-10-31,17:57:54,-07:00,2025-10-31T17:57:54-07:00,1,18
projectwork.css,92,css,c9af9eaa,TristanRoman,2025-10-31,17:57:54,-07:00,2025-10-31T17:57:54-07:00,1,10
projectwork.css,93,css,c9af9eaa,TristanRoman,2025-10-31,17:57:54,-07:00,2025-10-31T17:57:54-07:00,1,54
projectwork.css,94,css,c9af9eaa,TristanRoman,2025-10-31,17:57:54,-07:00,2025-10-31T17:57:54-07:00,0,0
projectwork.css,95,css,c9af9eaa,TristanRoman,2025-10-31,17:57:54,-07:00,2025-10-31T17:57:54-07:00,0,0
projectwork.css,96,css,c9af9eaa,TristanRoman,2025-10-31,17:57:54,-07:00,2025-10-31T17:57:54-07:00,0,21
projectwork.css,97,css,c9af9eaa,TristanRoman,2025-10-31,17:57:54,-07:00,2025-10-31T17:57:54-07:00,1,10
projectwork.css,98,css,c9af9eaa,TristanRoman,2025-10-31,17:57:54,-07:00,2025-10-31T17:57:54-07:00,1,11
projectwork.css,99,css,c9af9eaa,TristanRoman,2025-10-31,17:57:54,-07:00,2025-10-31T17:57:54-07:00,1,18
projectwork.css,100,css,c9af9eaa,TristanRoman,2025-10-31,17:57:54,-07:00,2025-10-31T17:57:54-07:00,1,21
projectwork.css,101,css,c9af9eaa,TristanRoman,2025-10-31,17:57:54,-07:00,2025-10-31T17:57:54-07:00,1,23
projectwork.css,102,css,c9af9eaa,TristanRoman,2025-10-31,17:57:54,-07:00,2025-10-31T17:57:54-07:00,0,0
projectwork.css,103,css,c9af9eaa,TristanRoman,2025-10-31,17:57:54,-07:00,2025-10-31T17:57:54-07:00,0,0
projectwork.css,104,css,c9af9eaa,TristanRoman,2025-10-31,17:57:54,-07:00,2025-10-31T17:57:54-07:00,0,25
projectwork.css,105,css,c9af9eaa,TristanRoman,2025-10-31,17:57:54,-07:00,2025-10-31T17:57:54-07:00,0,29
projectwork.css,106,css,c9af9eaa,TristanRoman,2025-10-31,17:57:54,-07:00,2025-10-31T17:57:54-07:00,1,16
projectwork.css,107,css,c9af9eaa,TristanRoman,2025-10-31,17:57:54,-07:00,2025-10-31T17:57:54-07:00,1,14
projectwork.css,108,css,c9af9eaa,TristanRoman,2025-10-31,17:57:54,-07:00,2025-10-31T17:57:54-07:00,0,0
projectwork.css,109,css,c9af9eaa,TristanRoman,2025-10-31,17:57:54,-07:00,2025-10-31T17:57:54-07:00,0,0
projectwork.css,110,css,c9af9eaa,TristanRoman,2025-10-31,17:57:54,-07:00,2025-10-31T17:57:54-07:00,0,62
projectwork.css,111,css,c9af9eaa,TristanRoman,2025-10-31,17:57:54,-07:00,2025-10-31T17:57:54-07:00,0,57
projectwork.css,112,css,c9af9eaa,TristanRoman,2025-10-31,17:57:54,-07:00,2025-10-31T17:57:54-07:00,1,11
projectwork.css,113,css,c9af9eaa,TristanRoman,2025-10-31,17:57:54,-07:00,2025-10-31T17:57:54-07:00,0,0
projectwork.css,114,css,c9af9eaa,TristanRoman,2025-10-31,17:57:54,-07:00,2025-10-31T17:57:54-07:00,0,0
projectwork.css,115,css,c9af9eaa,TristanRoman,2025-10-31,17:57:54,-07:00,2025-10-31T17:57:54-07:00,0,65
projectwork.css,116,css,c9af9eaa,TristanRoman,2025-10-31,17:57:54,-07:00,2025-10-31T17:57:54-07:00,0,15
projectwork.css,117,css,c9af9eaa,TristanRoman,2025-10-31,17:57:54,-07:00,2025-10-31T17:57:54-07:00,1,52
projectwork.css,118,css,c9af9eaa,TristanRoman,2025-10-31,17:57:54,-07:00,2025-10-31T17:57:54-07:00,0,0
projectwork.css,119,css,c9af9eaa,TristanRoman,2025-10-31,17:57:54,-07:00,2025-10-31T17:57:54-07:00,0,46
projectwork.css,120,css,c9af9eaa,TristanRoman,2025-10-31,17:57:54,-07:00,2025-10-31T17:57:54-07:00,0,0
projectwork.css,121,css,c9af9eaa,TristanRoman,2025-10-31,17:57:54,-07:00,2025-10-31T17:57:54-07:00,0,0
projectwork.css,122,css,c9af9eaa,TristanRoman,2025-10-31,17:57:54,-07:00,2025-10-31T17:57:54-07:00,0,8
projectwork.css,123,css,c9af9eaa,TristanRoman,2025-10-31,17:57:54,-07:00,2025-10-31T17:57:54-07:00,1,28
projectwork.css,124,css,c9af9eaa,TristanRoman,2025-10-31,17:57:54,-07:00,2025-10-31T17:57:54-07:00,1,48
projectwork.css,125,css,c9af9eaa,TristanRoman,2025-10-31,17:57:54,-07:00,2025-10-31T17:57:54-07:00,1,68
projectwork.css,126,css,c9af9eaa,TristanRoman,2025-10-31,17:57:54,-07:00,2025-10-31T17:57:54-07:00,0,0
project2_report.html,1,html,cc7dccb1,TristanRoman,2025-10-24,16:17:26,-07:00,2025-10-24T16:17:26-07:00,0,13
project2_report.html,2,html,cc7dccb1,TristanRoman,2025-10-24,16:17:26,-07:00,2025-10-24T16:17:26-07:00,0,14
project2_report.html,3,html,cc7dccb1,TristanRoman,2025-10-24,16:17:26,-07:00,2025-10-24T16:17:26-07:00,1,4
project2_report.html,4,html,cc7dccb1,TristanRoman,2025-10-24,16:17:26,-07:00,2025-10-24T16:17:26-07:00,2,29
project2_report.html,5,html,cc7dccb1,TristanRoman,2025-10-24,16:17:26,-07:00,2025-10-24T16:17:26-07:00,2,5
project2_report.html,6,html,cc7dccb1,TristanRoman,2025-10-24,16:17:26,-07:00,2025-10-24T16:17:26-07:00,3,5
project2_report.html,7,html,cc7dccb1,TristanRoman,2025-10-24,16:17:26,-07:00,2025-10-24T16:17:26-07:00,4,35
project2_report.html,8,html,cc7dccb1,TristanRoman,2025-10-24,16:17:26,-07:00,2025-10-24T16:17:26-07:00,4,35
project2_report.html,9,html,cc7dccb1,TristanRoman,2025-10-24,16:17:26,-07:00,2025-10-24T16:17:26-07:00,4,35
project2_report.html,10,html,cc7dccb1,TristanRoman,2025-10-24,16:17:26,-07:00,2025-10-24T16:17:26-07:00,4,35
project2_report.html,11,html,cc7dccb1,TristanRoman,2025-10-24,16:17:26,-07:00,2025-10-24T16:17:26-07:00,4,35
project2_report.html,12,html,cc7dccb1,TristanRoman,2025-10-24,16:17:26,-07:00,2025-10-24T16:17:26-07:00,4,35
project2_report.html,13,html,cc7dccb1,TristanRoman,2025-10-24,16:17:26,-07:00,2025-10-24T16:17:26-07:00,4,35
project2_report.html,14,html,cc7dccb1,TristanRoman,2025-10-24,16:17:26,-07:00,2025-10-24T16:17:26-07:00,4,35
project2_report.html,15,html,cc7dccb1,TristanRoman,2025-10-24,16:17:26,-07:00,2025-10-24T16:17:26-07:00,4,35
project2_report.html,16,html,cc7dccb1,TristanRoman,2025-10-24,16:17:26,-07:00,2025-10-24T16:17:26-07:00,4,35
project2_report.html,17,html,cc7dccb1,TristanRoman,2025-10-24,16:17:26,-07:00,2025-10-24T16:17:26-07:00,3,0
project2_report.html,18,html,cc7dccb1,TristanRoman,2025-10-24,16:17:26,-07:00,2025-10-24T16:17:26-07:00,0,0
project2_report.html,19,html,cc7dccb1,TristanRoman,2025-10-24,16:17:26,-07:00,2025-10-24T16:17:26-07:00,3,4
project2_report.html,20,html,cc7dccb1,TristanRoman,2025-10-24,16:17:26,-07:00,2025-10-24T16:17:26-07:00,4,23
project2_report.html,21,html,cc7dccb1,TristanRoman,2025-10-24,16:17:26,-07:00,2025-10-24T16:17:26-07:00,4,20
project2_report.html,22,html,cc7dccb1,TristanRoman,2025-10-24,16:17:26,-07:00,2025-10-24T16:17:26-07:00,4,34
project2_report.html,23,html,cc7dccb1,TristanRoman,2025-10-24,16:17:26,-07:00,2025-10-24T16:17:26-07:00,4,25
project2_report.html,24,html,cc7dccb1,TristanRoman,2025-10-24,16:17:26,-07:00,2025-10-24T16:17:26-07:00,4,13
project2_report.html,25,html,cc7dccb1,TristanRoman,2025-10-24,16:17:26,-07:00,2025-10-24T16:17:26-07:00,3,0
project2_report.html,26,html,cc7dccb1,TristanRoman,2025-10-24,16:17:26,-07:00,2025-10-24T16:17:26-07:00,0,0
project2_report.html,27,html,cc7dccb1,TristanRoman,2025-10-24,16:17:26,-07:00,2025-10-24T16:17:26-07:00,3,12
project2_report.html,28,html,cc7dccb1,TristanRoman,2025-10-24,16:17:26,-07:00,2025-10-24T16:17:26-07:00,0,0
project2_report.html,29,html,cc7dccb1,TristanRoman,2025-10-24,16:17:26,-07:00,2025-10-24T16:17:26-07:00,3,1
project2_report.html,30,html,cc7dccb1,TristanRoman,2025-10-24,16:17:26,-07:00,2025-10-24T16:17:26-07:00,3,1
project2_report.html,31,html,cc7dccb1,TristanRoman,2025-10-24,16:17:26,-07:00,2025-10-24T16:17:26-07:00,3,1
project2_report.html,32,html,cc7dccb1,TristanRoman,2025-10-24,16:17:26,-07:00,2025-10-24T16:17:26-07:00,3,1
project2_report.html,33,html,cc7dccb1,TristanRoman,2025-10-24,16:17:26,-07:00,2025-10-24T16:17:26-07:00,3,1
project2_report.html,34,html,cc7dccb1,TristanRoman,2025-10-24,16:17:26,-07:00,2025-10-24T16:17:26-07:00,3,2
project2_report.html,35,html,cc7dccb1,TristanRoman,2025-10-24,16:17:26,-07:00,2025-10-24T16:17:26-07:00,4,15
project2_report.html,36,html,cc7dccb1,TristanRoman,2025-10-24,16:17:26,-07:00,2025-10-24T16:17:26-07:00,4,15
project2_report.html,37,html,cc7dccb1,TristanRoman,2025-10-24,16:17:26,-07:00,2025-10-24T16:17:26-07:00,4,17
project2_report.html,38,html,cc7dccb1,TristanRoman,2025-10-24,16:17:26,-07:00,2025-10-24T16:17:26-07:00,3,0
project2_report.html,39,html,cc7dccb1,TristanRoman,2025-10-24,16:17:26,-07:00,2025-10-24T16:17:26-07:00,0,0
project2_report.html,40,html,cc7dccb1,TristanRoman,2025-10-24,16:17:26,-07:00,2025-10-24T16:17:26-07:00,3,1
project2_report.html,41,html,cc7dccb1,TristanRoman,2025-10-24,16:17:26,-07:00,2025-10-24T16:17:26-07:00,3,2
project2_report.html,42,html,cc7dccb1,TristanRoman,2025-10-24,16:17:26,-07:00,2025-10-24T16:17:26-07:00,4,47
project2_report.html,43,html,cc7dccb1,TristanRoman,2025-10-24,16:17:26,-07:00,2025-10-24T16:17:26-07:00,4,20
project2_report.html,44,html,cc7dccb1,TristanRoman,2025-10-24,16:17:26,-07:00,2025-10-24T16:17:26-07:00,3,0
project2_report.html,45,html,cc7dccb1,TristanRoman,2025-10-24,16:17:26,-07:00,2025-10-24T16:17:26-07:00,0,0
project2_report.html,46,html,cc7dccb1,TristanRoman,2025-10-24,16:17:26,-07:00,2025-10-24T16:17:26-07:00,3,2
project2_report.html,47,html,cc7dccb1,TristanRoman,2025-10-24,16:17:26,-07:00,2025-10-24T16:17:26-07:00,4,23
project2_report.html,48,html,cc7dccb1,TristanRoman,2025-10-24,16:17:26,-07:00,2025-10-24T16:17:26-07:00,4,48
project2_report.html,49,html,cc7dccb1,TristanRoman,2025-10-24,16:17:26,-07:00,2025-10-24T16:17:26-07:00,4,15
project2_report.html,50,html,cc7dccb1,TristanRoman,2025-10-24,16:17:26,-07:00,2025-10-24T16:17:26-07:00,0,0
project2_report.html,51,html,cc7dccb1,TristanRoman,2025-10-24,16:17:26,-07:00,2025-10-24T16:17:26-07:00,4,5
project2_report.html,52,html,cc7dccb1,TristanRoman,2025-10-24,16:17:26,-07:00,2025-10-24T16:17:26-07:00,5,13
project2_report.html,53,html,cc7dccb1,TristanRoman,2025-10-24,16:17:26,-07:00,2025-10-24T16:17:26-07:00,5,17
project2_report.html,54,html,cc7dccb1,TristanRoman,2025-10-24,16:17:26,-07:00,2025-10-24T16:17:26-07:00,5,19
project2_report.html,55,html,cc7dccb1,TristanRoman,2025-10-24,16:17:26,-07:00,2025-10-24T16:17:26-07:00,5,18
project2_report.html,56,html,cc7dccb1,TristanRoman,2025-10-24,16:17:26,-07:00,2025-10-24T16:17:26-07:00,5,11
project2_report.html,57,html,cc7dccb1,TristanRoman,2025-10-24,16:17:26,-07:00,2025-10-24T16:17:26-07:00,5,34
project2_report.html,58,html,cc7dccb1,TristanRoman,2025-10-24,16:17:26,-07:00,2025-10-24T16:17:26-07:00,5,13
project2_report.html,59,html,cc7dccb1,TristanRoman,2025-10-24,16:17:26,-07:00,2025-10-24T16:17:26-07:00,5,24
project2_report.html,60,html,cc7dccb1,TristanRoman,2025-10-24,16:17:26,-07:00,2025-10-24T16:17:26-07:00,5,18
project2_report.html,61,html,cc7dccb1,TristanRoman,2025-10-24,16:17:26,-07:00,2025-10-24T16:17:26-07:00,4,0
project2_report.html,62,html,cc7dccb1,TristanRoman,2025-10-24,16:17:26,-07:00,2025-10-24T16:17:26-07:00,3,0
project2_report.html,63,html,cc7dccb1,TristanRoman,2025-10-24,16:17:26,-07:00,2025-10-24T16:17:26-07:00,0,0
project2_report.html,64,html,cc7dccb1,TristanRoman,2025-10-24,16:17:26,-07:00,2025-10-24T16:17:26-07:00,3,2
project2_report.html,65,html,cc7dccb1,TristanRoman,2025-10-24,16:17:26,-07:00,2025-10-24T16:17:26-07:00,4,14
project2_report.html,66,html,cc7dccb1,TristanRoman,2025-10-24,16:17:26,-07:00,2025-10-24T16:17:26-07:00,4,29
project2_report.html,67,html,cc7dccb1,TristanRoman,2025-10-24,16:17:26,-07:00,2025-10-24T16:17:26-07:00,3,0
project2_report.html,68,html,cc7dccb1,TristanRoman,2025-10-24,16:17:26,-07:00,2025-10-24T16:17:26-07:00,0,0
project2_report.html,69,html,cc7dccb1,TristanRoman,2025-10-24,16:17:26,-07:00,2025-10-24T16:17:26-07:00,3,2
project2_report.html,70,html,cc7dccb1,TristanRoman,2025-10-24,16:17:26,-07:00,2025-10-24T16:17:26-07:00,4,14
project2_report.html,71,html,cc7dccb1,TristanRoman,2025-10-24,16:17:26,-07:00,2025-10-24T16:17:26-07:00,3,0
project2_report.html,72,html,cc7dccb1,TristanRoman,2025-10-24,16:17:26,-07:00,2025-10-24T16:17:26-07:00,0,0
project2_report.html,73,html,cc7dccb1,TristanRoman,2025-10-24,16:17:26,-07:00,2025-10-24T16:17:26-07:00,3,9
project2_report.html,74,html,cc7dccb1,TristanRoman,2025-10-24,16:17:26,-07:00,2025-10-24T16:17:26-07:00,0,0
project2_report.html,75,html,cc7dccb1,TristanRoman,2025-10-24,16:17:26,-07:00,2025-10-24T16:17:26-07:00,3,1
project2_report.html,76,html,cc7dccb1,TristanRoman,2025-10-24,16:17:26,-07:00,2025-10-24T16:17:26-07:00,3,2
project2_report.html,77,html,cc7dccb1,TristanRoman,2025-10-24,16:17:26,-07:00,2025-10-24T16:17:26-07:00,4,24
project2_report.html,78,html,cc7dccb1,TristanRoman,2025-10-24,16:17:26,-07:00,2025-10-24T16:17:26-07:00,3,0
project2_report.html,79,html,cc7dccb1,TristanRoman,2025-10-24,16:17:26,-07:00,2025-10-24T16:17:26-07:00,0,0
project2_report.html,80,html,cc7dccb1,TristanRoman,2025-10-24,16:17:26,-07:00,2025-10-24T16:17:26-07:00,3,2
project2_report.html,81,html,cc7dccb1,TristanRoman,2025-10-24,16:17:26,-07:00,2025-10-24T16:17:26-07:00,4,9
project2_report.html,82,html,cc7dccb1,TristanRoman,2025-10-24,16:17:26,-07:00,2025-10-24T16:17:26-07:00,5,29
project2_report.html,83,html,cc7dccb1,TristanRoman,2025-10-24,16:17:26,-07:00,2025-10-24T16:17:26-07:00,4,0
project2_report.html,84,html,cc7dccb1,TristanRoman,2025-10-24,16:17:26,-07:00,2025-10-24T16:17:26-07:00,0,0
project2_report.html,85,html,cc7dccb1,TristanRoman,2025-10-24,16:17:26,-07:00,2025-10-24T16:17:26-07:00,4,4
project2_report.html,86,html,cc7dccb1,TristanRoman,2025-10-24,16:17:26,-07:00,2025-10-24T16:17:26-07:00,5,16
project2_report.html,87,html,cc7dccb1,TristanRoman,2025-10-24,16:17:26,-07:00,2025-10-24T16:17:26-07:00,4,0
project2_report.html,88,html,cc7dccb1,TristanRoman,2025-10-24,16:17:26,-07:00,2025-10-24T16:17:26-07:00,3,0
project2_report.html,89,html,cc7dccb1,TristanRoman,2025-10-24,16:17:26,-07:00,2025-10-24T16:17:26-07:00,0,0
project2_report.html,90,html,cc7dccb1,TristanRoman,2025-10-24,16:17:26,-07:00,2025-10-24T16:17:26-07:00,3,23
project2_report.html,91,html,cc7dccb1,TristanRoman,2025-10-24,16:17:26,-07:00,2025-10-24T16:17:26-07:00,0,0
project2_report.html,92,html,cc7dccb1,TristanRoman,2025-10-24,16:17:26,-07:00,2025-10-24T16:17:26-07:00,3,6
project2_report.html,93,html,cc7dccb1,TristanRoman,2025-10-24,16:17:26,-07:00,2025-10-24T16:17:26-07:00,4,17
project2_report.html,94,html,cc7dccb1,TristanRoman,2025-10-24,16:17:26,-07:00,2025-10-24T16:17:26-07:00,4,17
project2_report.html,95,html,cc7dccb1,TristanRoman,2025-10-24,16:17:26,-07:00,2025-10-24T16:17:26-07:00,3,0
project2_report.html,96,html,cc7dccb1,TristanRoman,2025-10-24,16:17:26,-07:00,2025-10-24T16:17:26-07:00,0,0
project2_report.html,97,html,cc7dccb1,TristanRoman,2025-10-24,16:17:26,-07:00,2025-10-24T16:17:26-07:00,3,4
project2_report.html,98,html,cc7dccb1,TristanRoman,2025-10-24,16:17:26,-07:00,2025-10-24T16:17:26-07:00,4,16
project2_report.html,99,html,cc7dccb1,TristanRoman,2025-10-24,16:17:26,-07:00,2025-10-24T16:17:26-07:00,4,29
project2_report.html,100,html,cc7dccb1,TristanRoman,2025-10-24,16:17:26,-07:00,2025-10-24T16:17:26-07:00,4,18
project2_report.html,101,html,cc7dccb1,TristanRoman,2025-10-24,16:17:26,-07:00,2025-10-24T16:17:26-07:00,4,19
project2_report.html,102,html,cc7dccb1,TristanRoman,2025-10-24,16:17:26,-07:00,2025-10-24T16:17:26-07:00,3,0
project2_report.html,103,html,cc7dccb1,TristanRoman,2025-10-24,16:17:26,-07:00,2025-10-24T16:17:26-07:00,0,0
project2_report.html,104,html,cc7dccb1,TristanRoman,2025-10-24,16:17:26,-07:00,2025-10-24T16:17:26-07:00,3,11
project2_report.html,105,html,cc7dccb1,TristanRoman,2025-10-24,16:17:26,-07:00,2025-10-24T16:17:26-07:00,0,0
project2_report.html,106,html,cc7dccb1,TristanRoman,2025-10-24,16:17:26,-07:00,2025-10-24T16:17:26-07:00,3,6
project2_report.html,107,html,cc7dccb1,TristanRoman,2025-10-24,16:17:26,-07:00,2025-10-24T16:17:26-07:00,4,12
project2_report.html,108,html,cc7dccb1,TristanRoman,2025-10-24,16:17:26,-07:00,2025-10-24T16:17:26-07:00,4,14
project2_report.html,109,html,cc7dccb1,TristanRoman,2025-10-24,16:17:26,-07:00,2025-10-24T16:17:26-07:00,4,20
project2_report.html,110,html,cc7dccb1,TristanRoman,2025-10-24,16:17:26,-07:00,2025-10-24T16:17:26-07:00,4,40
project2_report.html,111,html,cc7dccb1,TristanRoman,2025-10-24,16:17:26,-07:00,2025-10-24T16:17:26-07:00,4,48
project2_report.html,112,html,cc7dccb1,TristanRoman,2025-10-24,16:17:26,-07:00,2025-10-24T16:17:26-07:00,4,17
project2_report.html,113,html,cc7dccb1,TristanRoman,2025-10-24,16:17:26,-07:00,2025-10-24T16:17:26-07:00,4,16
project2_report.html,114,html,cc7dccb1,TristanRoman,2025-10-24,16:17:26,-07:00,2025-10-24T16:17:26-07:00,0,0
project2_report.html,115,html,cc7dccb1,TristanRoman,2025-10-24,16:17:26,-07:00,2025-10-24T16:17:26-07:00,4,12
project2_report.html,116,html,cc7dccb1,TristanRoman,2025-10-24,16:17:26,-07:00,2025-10-24T16:17:26-07:00,5,29
project2_report.html,117,html,cc7dccb1,TristanRoman,2025-10-24,16:17:26,-07:00,2025-10-24T16:17:26-07:00,5,34
project2_report.html,118,html,cc7dccb1,TristanRoman,2025-10-24,16:17:26,-07:00,2025-10-24T16:17:26-07:00,5,14
project2_report.html,119,html,cc7dccb1,TristanRoman,2025-10-24,16:17:26,-07:00,2025-10-24T16:17:26-07:00,5,14
project2_report.html,120,html,cc7dccb1,TristanRoman,2025-10-24,16:17:26,-07:00,2025-10-24T16:17:26-07:00,5,17
project2_report.html,121,html,cc7dccb1,TristanRoman,2025-10-24,16:17:26,-07:00,2025-10-24T16:17:26-07:00,5,24
project2_report.html,122,html,cc7dccb1,TristanRoman,2025-10-24,16:17:26,-07:00,2025-10-24T16:17:26-07:00,5,15
project2_report.html,123,html,cc7dccb1,TristanRoman,2025-10-24,16:17:26,-07:00,2025-10-24T16:17:26-07:00,0,0
project2_report.html,124,html,cc7dccb1,TristanRoman,2025-10-24,16:17:26,-07:00,2025-10-24T16:17:26-07:00,5,9
project2_report.html,125,html,cc7dccb1,TristanRoman,2025-10-24,16:17:26,-07:00,2025-10-24T16:17:26-07:00,6,38
project2_report.html,126,html,cc7dccb1,TristanRoman,2025-10-24,16:17:26,-07:00,2025-10-24T16:17:26-07:00,6,16
project2_report.html,127,html,cc7dccb1,TristanRoman,2025-10-24,16:17:26,-07:00,2025-10-24T16:17:26-07:00,6,29
project2_report.html,128,html,cc7dccb1,TristanRoman,2025-10-24,16:17:26,-07:00,2025-10-24T16:17:26-07:00,5,0
project2_report.html,129,html,cc7dccb1,TristanRoman,2025-10-24,16:17:26,-07:00,2025-10-24T16:17:26-07:00,0,0
project2_report.html,130,html,cc7dccb1,TristanRoman,2025-10-24,16:17:26,-07:00,2025-10-24T16:17:26-07:00,5,30
project2_report.html,131,html,cc7dccb1,TristanRoman,2025-10-24,16:17:26,-07:00,2025-10-24T16:17:26-07:00,6,13
project2_report.html,132,html,cc7dccb1,TristanRoman,2025-10-24,16:17:26,-07:00,2025-10-24T16:17:26-07:00,6,25
project2_report.html,133,html,cc7dccb1,TristanRoman,2025-10-24,16:17:26,-07:00,2025-10-24T16:17:26-07:00,6,31
project2_report.html,134,html,cc7dccb1,TristanRoman,2025-10-24,16:17:26,-07:00,2025-10-24T16:17:26-07:00,7,5
project2_report.html,135,html,cc7dccb1,TristanRoman,2025-10-24,16:17:26,-07:00,2025-10-24T16:17:26-07:00,7,11
project2_report.html,136,html,cc7dccb1,TristanRoman,2025-10-24,16:17:26,-07:00,2025-10-24T16:17:26-07:00,7,13
project2_report.html,137,html,cc7dccb1,TristanRoman,2025-10-24,16:17:26,-07:00,2025-10-24T16:17:26-07:00,6,0
project2_report.html,138,html,cc7dccb1,TristanRoman,2025-10-24,16:17:26,-07:00,2025-10-24T16:17:26-07:00,5,0
project2_report.html,139,html,cc7dccb1,TristanRoman,2025-10-24,16:17:26,-07:00,2025-10-24T16:17:26-07:00,4,0
project2_report.html,140,html,cc7dccb1,TristanRoman,2025-10-24,16:17:26,-07:00,2025-10-24T16:17:26-07:00,3,0
project2_report.html,141,html,cc7dccb1,TristanRoman,2025-10-24,16:17:26,-07:00,2025-10-24T16:17:26-07:00,2,6
project2_report.html,142,html,cc7dccb1,TristanRoman,2025-10-24,16:17:26,-07:00,2025-10-24T16:17:26-07:00,1,5
project2_report.html,143,html,cc7dccb1,TristanRoman,2025-10-24,16:17:26,-07:00,2025-10-24T16:17:26-07:00,0,0
project2_report.html,144,html,cc7dccb1,TristanRoman,2025-10-24,16:17:26,-07:00,2025-10-24T16:17:26-07:00,1,4
project2_report.html,145,html,cc7dccb1,TristanRoman,2025-10-24,16:17:26,-07:00,2025-10-24T16:17:26-07:00,2,6
project2_report.html,146,html,cc7dccb1,TristanRoman,2025-10-24,16:17:26,-07:00,2025-10-24T16:17:26-07:00,3,2
project2_report.html,147,html,cc7dccb1,TristanRoman,2025-10-24,16:17:26,-07:00,2025-10-24T16:17:26-07:00,4,25
project2_report.html,148,html,cc7dccb1,TristanRoman,2025-10-24,16:17:26,-07:00,2025-10-24T16:17:26-07:00,4,36
project2_report.html,149,html,cc7dccb1,TristanRoman,2025-10-24,16:17:26,-07:00,2025-10-24T16:17:26-07:00,3,3
project2_report.html,150,html,cc7dccb1,TristanRoman,2025-10-24,16:17:26,-07:00,2025-10-24T16:17:26-07:00,0,0
project2_report.html,151,html,cc7dccb1,TristanRoman,2025-10-24,16:17:26,-07:00,2025-10-24T16:17:26-07:00,3,63
project2_report.html,152,html,cc7dccb1,TristanRoman,2025-10-24,16:17:26,-07:00,2025-10-24T16:17:26-07:00,2,7
project2_report.html,153,html,cc7dccb1,TristanRoman,2025-10-24,16:17:26,-07:00,2025-10-24T16:17:26-07:00,0,0
project2_report.html,154,html,cc7dccb1,TristanRoman,2025-10-24,16:17:26,-07:00,2025-10-24T16:17:26-07:00,2,4
project2_report.html,155,html,cc7dccb1,TristanRoman,2025-10-24,16:17:26,-07:00,2025-10-24T16:17:26-07:00,3,61
project2_report.html,156,html,cc7dccb1,TristanRoman,2025-10-24,16:17:26,-07:00,2025-10-24T16:17:26-07:00,0,0
project2_report.html,157,html,cc7dccb1,TristanRoman,2025-10-24,16:17:26,-07:00,2025-10-24T16:17:26-07:00,3,7
project2_report.html,158,html,cc7dccb1,TristanRoman,2025-10-24,16:17:26,-07:00,2025-10-24T16:17:26-07:00,4,26
project2_report.html,159,html,cc7dccb1,TristanRoman,2025-10-24,16:17:26,-07:00,2025-10-24T16:17:26-07:00,0,0
project2_report.html,160,html,cc7dccb1,TristanRoman,2025-10-24,16:17:26,-07:00,2025-10-24T16:17:26-07:00,4,6
project2_report.html,161,html,cc7dccb1,TristanRoman,2025-10-24,16:17:26,-07:00,2025-10-24T16:17:26-07:00,5,49
project2_report.html,162,html,cc7dccb1,TristanRoman,2025-10-24,16:17:26,-07:00,2025-10-24T16:17:26-07:00,5,214
project2_report.html,163,html,cc7dccb1,TristanRoman,2025-10-24,16:17:26,-07:00,2025-10-24T16:17:26-07:00,0,11
project2_report.html,164,html,cc7dccb1,TristanRoman,2025-10-24,16:17:26,-07:00,2025-10-24T16:17:26-07:00,4,7
project2_report.html,165,html,cc7dccb1,TristanRoman,2025-10-24,16:17:26,-07:00,2025-10-24T16:17:26-07:00,0,0
project2_report.html,166,html,cc7dccb1,TristanRoman,2025-10-24,16:17:26,-07:00,2025-10-24T16:17:26-07:00,4,36
project2_report.html,167,html,cc7dccb1,TristanRoman,2025-10-24,16:17:26,-07:00,2025-10-24T16:17:26-07:00,4,67
project2_report.html,168,html,cc7dccb1,TristanRoman,2025-10-24,16:17:26,-07:00,2025-10-24T16:17:26-07:00,4,2
project2_report.html,169,html,cc7dccb1,TristanRoman,2025-10-24,16:17:26,-07:00,2025-10-24T16:17:26-07:00,5,83
project2_report.html,170,html,cc7dccb1,TristanRoman,2025-10-24,16:17:26,-07:00,2025-10-24T16:17:26-07:00,5,77
project2_report.html,171,html,cc7dccb1,TristanRoman,2025-10-24,16:17:26,-07:00,2025-10-24T16:17:26-07:00,5,110
project2_report.html,172,html,cc7dccb1,TristanRoman,2025-10-24,16:17:26,-07:00,2025-10-24T16:17:26-07:00,5,105
project2_report.html,173,html,cc7dccb1,TristanRoman,2025-10-24,16:17:26,-07:00,2025-10-24T16:17:26-07:00,5,90
project2_report.html,174,html,cc7dccb1,TristanRoman,2025-10-24,16:17:26,-07:00,2025-10-24T16:17:26-07:00,5,97
project2_report.html,175,html,cc7dccb1,TristanRoman,2025-10-24,16:17:26,-07:00,2025-10-24T16:17:26-07:00,3,3
project2_report.html,176,html,cc7dccb1,TristanRoman,2025-10-24,16:17:26,-07:00,2025-10-24T16:17:26-07:00,4,59
project2_report.html,177,html,cc7dccb1,TristanRoman,2025-10-24,16:17:26,-07:00,2025-10-24T16:17:26-07:00,4,2
project2_report.html,178,html,cc7dccb1,TristanRoman,2025-10-24,16:17:26,-07:00,2025-10-24T16:17:26-07:00,5,85
project2_report.html,179,html,cc7dccb1,TristanRoman,2025-10-24,16:17:26,-07:00,2025-10-24T16:17:26-07:00,5,87
project2_report.html,180,html,cc7dccb1,TristanRoman,2025-10-24,16:17:26,-07:00,2025-10-24T16:17:26-07:00,5,87
project2_report.html,181,html,cc7dccb1,TristanRoman,2025-10-24,16:17:26,-07:00,2025-10-24T16:17:26-07:00,5,88
project2_report.html,182,html,cc7dccb1,TristanRoman,2025-10-24,16:17:26,-07:00,2025-10-24T16:17:26-07:00,5,79
project2_report.html,183,html,cc7dccb1,TristanRoman,2025-10-24,16:17:26,-07:00,2025-10-24T16:17:26-07:00,5,85
project2_report.html,184,html,cc7dccb1,TristanRoman,2025-10-24,16:17:26,-07:00,2025-10-24T16:17:26-07:00,4,3
project2_report.html,185,html,cc7dccb1,TristanRoman,2025-10-24,16:17:26,-07:00,2025-10-24T16:17:26-07:00,0,0
project2_report.html,186,html,cc7dccb1,TristanRoman,2025-10-24,16:17:26,-07:00,2025-10-24T16:17:26-07:00,3,8
project2_report.html,187,html,cc7dccb1,TristanRoman,2025-10-24,16:17:26,-07:00,2025-10-24T16:17:26-07:00,0,0
project2_report.html,188,html,cc7dccb1,TristanRoman,2025-10-24,16:17:26,-07:00,2025-10-24T16:17:26-07:00,3,7
project2_report.html,189,html,cc7dccb1,TristanRoman,2025-10-24,16:17:26,-07:00,2025-10-24T16:17:26-07:00,4,30
project2_report.html,190,html,cc7dccb1,TristanRoman,2025-10-24,16:17:26,-07:00,2025-10-24T16:17:26-07:00,0,0
project2_report.html,191,html,cc7dccb1,TristanRoman,2025-10-24,16:17:26,-07:00,2025-10-24T16:17:26-07:00,4,6
project2_report.html,192,html,cc7dccb1,TristanRoman,2025-10-24,16:17:26,-07:00,2025-10-24T16:17:26-07:00,5,52
project2_report.html,193,html,cc7dccb1,TristanRoman,2025-10-24,16:17:26,-07:00,2025-10-24T16:17:26-07:00,5,380
project2_report.html,194,html,cc7dccb1,TristanRoman,2025-10-24,16:17:26,-07:00,2025-10-24T16:17:26-07:00,0,11
project2_report.html,195,html,cc7dccb1,TristanRoman,2025-10-24,16:17:26,-07:00,2025-10-24T16:17:26-07:00,4,7
project2_report.html,196,html,cc7dccb1,TristanRoman,2025-10-24,16:17:26,-07:00,2025-10-24T16:17:26-07:00,0,0
project2_report.html,197,html,cc7dccb1,TristanRoman,2025-10-24,16:17:26,-07:00,2025-10-24T16:17:26-07:00,4,36
project2_report.html,198,html,cc7dccb1,TristanRoman,2025-10-24,16:17:26,-07:00,2025-10-24T16:17:26-07:00,0,0
project2_report.html,199,html,cc7dccb1,TristanRoman,2025-10-24,16:17:26,-07:00,2025-10-24T16:17:26-07:00,4,2
project2_report.html,200,html,cc7dccb1,TristanRoman,2025-10-24,16:17:26,-07:00,2025-10-24T16:17:26-07:00,5,141
project2_report.html,201,html,cc7dccb1,TristanRoman,2025-10-24,16:17:26,-07:00,2025-10-24T16:17:26-07:00,5,120
project2_report.html,202,html,cc7dccb1,TristanRoman,2025-10-24,16:17:26,-07:00,2025-10-24T16:17:26-07:00,5,145
project2_report.html,203,html,cc7dccb1,TristanRoman,2025-10-24,16:17:26,-07:00,2025-10-24T16:17:26-07:00,5,135
project2_report.html,204,html,cc7dccb1,TristanRoman,2025-10-24,16:17:26,-07:00,2025-10-24T16:17:26-07:00,5,147
project2_report.html,205,html,cc7dccb1,TristanRoman,2025-10-24,16:17:26,-07:00,2025-10-24T16:17:26-07:00,5,153
project2_report.html,206,html,cc7dccb1,TristanRoman,2025-10-24,16:17:26,-07:00,2025-10-24T16:17:26-07:00,4,3
project2_report.html,207,html,cc7dccb1,TristanRoman,2025-10-24,16:17:26,-07:00,2025-10-24T16:17:26-07:00,0,0
project2_report.html,208,html,cc7dccb1,TristanRoman,2025-10-24,16:17:26,-07:00,2025-10-24T16:17:26-07:00,3,8
project2_report.html,209,html,cc7dccb1,TristanRoman,2025-10-24,16:17:26,-07:00,2025-10-24T16:17:26-07:00,0,0
project2_report.html,210,html,cc7dccb1,TristanRoman,2025-10-24,16:17:26,-07:00,2025-10-24T16:17:26-07:00,3,7
project2_report.html,211,html,cc7dccb1,TristanRoman,2025-10-24,16:17:26,-07:00,2025-10-24T16:17:26-07:00,4,23
project2_report.html,212,html,cc7dccb1,TristanRoman,2025-10-24,16:17:26,-07:00,2025-10-24T16:17:26-07:00,0,0
project2_report.html,213,html,cc7dccb1,TristanRoman,2025-10-24,16:17:26,-07:00,2025-10-24T16:17:26-07:00,3,1
project2_report.html,214,html,cc7dccb1,TristanRoman,2025-10-24,16:17:26,-07:00,2025-10-24T16:17:26-07:00,4,136
project2_report.html,215,html,cc7dccb1,TristanRoman,2025-10-24,16:17:26,-07:00,2025-10-24T16:17:26-07:00,4,128
project2_report.html,216,html,cc7dccb1,TristanRoman,2025-10-24,16:17:26,-07:00,2025-10-24T16:17:26-07:00,4,140
project2_report.html,217,html,cc7dccb1,TristanRoman,2025-10-24,16:17:26,-07:00,2025-10-24T16:17:26-07:00,4,56
project2_report.html,218,html,cc7dccb1,TristanRoman,2025-10-24,16:17:26,-07:00,2025-10-24T16:17:26-07:00,4,87
project2_report.html,219,html,cc7dccb1,TristanRoman,2025-10-24,16:17:26,-07:00,2025-10-24T16:17:26-07:00,3,2
project2_report.html,220,html,cc7dccb1,TristanRoman,2025-10-24,16:17:26,-07:00,2025-10-24T16:17:26-07:00,0,0
project2_report.html,221,html,cc7dccb1,TristanRoman,2025-10-24,16:17:26,-07:00,2025-10-24T16:17:26-07:00,3,1
project2_report.html,222,html,cc7dccb1,TristanRoman,2025-10-24,16:17:26,-07:00,2025-10-24T16:17:26-07:00,4,132
project2_report.html,223,html,cc7dccb1,TristanRoman,2025-10-24,16:17:26,-07:00,2025-10-24T16:17:26-07:00,4,66
project2_report.html,224,html,cc7dccb1,TristanRoman,2025-10-24,16:17:26,-07:00,2025-10-24T16:17:26-07:00,4,144
project2_report.html,225,html,cc7dccb1,TristanRoman,2025-10-24,16:17:26,-07:00,2025-10-24T16:17:26-07:00,4,143
project2_report.html,226,html,cc7dccb1,TristanRoman,2025-10-24,16:17:26,-07:00,2025-10-24T16:17:26-07:00,4,64
project2_report.html,227,html,cc7dccb1,TristanRoman,2025-10-24,16:17:26,-07:00,2025-10-24T16:17:26-07:00,4,136
project2_report.html,228,html,cc7dccb1,TristanRoman,2025-10-24,16:17:26,-07:00,2025-10-24T16:17:26-07:00,4,144
project2_report.html,229,html,cc7dccb1,TristanRoman,2025-10-24,16:17:26,-07:00,2025-10-24T16:17:26-07:00,4,147
project2_report.html,230,html,cc7dccb1,TristanRoman,2025-10-24,16:17:26,-07:00,2025-10-24T16:17:26-07:00,4,144
project2_report.html,231,html,cc7dccb1,TristanRoman,2025-10-24,16:17:26,-07:00,2025-10-24T16:17:26-07:00,4,41
project2_report.html,232,html,cc7dccb1,TristanRoman,2025-10-24,16:17:26,-07:00,2025-10-24T16:17:26-07:00,3,2
project2_report.html,233,html,cc7dccb1,TristanRoman,2025-10-24,16:17:26,-07:00,2025-10-24T16:17:26-07:00,0,0
project2_report.html,234,html,cc7dccb1,TristanRoman,2025-10-24,16:17:26,-07:00,2025-10-24T16:17:26-07:00,3,1
project2_report.html,235,html,cc7dccb1,TristanRoman,2025-10-24,16:17:26,-07:00,2025-10-24T16:17:26-07:00,4,142
project2_report.html,236,html,cc7dccb1,TristanRoman,2025-10-24,16:17:26,-07:00,2025-10-24T16:17:26-07:00,4,145
project2_report.html,237,html,cc7dccb1,TristanRoman,2025-10-24,16:17:26,-07:00,2025-10-24T16:17:26-07:00,4,149
project2_report.html,238,html,cc7dccb1,TristanRoman,2025-10-24,16:17:26,-07:00,2025-10-24T16:17:26-07:00,4,149
project2_report.html,239,html,cc7dccb1,TristanRoman,2025-10-24,16:17:26,-07:00,2025-10-24T16:17:26-07:00,4,147
project2_report.html,240,html,cc7dccb1,TristanRoman,2025-10-24,16:17:26,-07:00,2025-10-24T16:17:26-07:00,4,146
project2_report.html,241,html,cc7dccb1,TristanRoman,2025-10-24,16:17:26,-07:00,2025-10-24T16:17:26-07:00,4,148
project2_report.html,242,html,cc7dccb1,TristanRoman,2025-10-24,16:17:26,-07:00,2025-10-24T16:17:26-07:00,4,149
project2_report.html,243,html,cc7dccb1,TristanRoman,2025-10-24,16:17:26,-07:00,2025-10-24T16:17:26-07:00,4,19
project2_report.html,244,html,cc7dccb1,TristanRoman,2025-10-24,16:17:26,-07:00,2025-10-24T16:17:26-07:00,3,2
project2_report.html,245,html,cc7dccb1,TristanRoman,2025-10-24,16:17:26,-07:00,2025-10-24T16:17:26-07:00,0,0
project2_report.html,246,html,cc7dccb1,TristanRoman,2025-10-24,16:17:26,-07:00,2025-10-24T16:17:26-07:00,3,1
project2_report.html,247,html,cc7dccb1,TristanRoman,2025-10-24,16:17:26,-07:00,2025-10-24T16:17:26-07:00,4,145
project2_report.html,248,html,cc7dccb1,TristanRoman,2025-10-24,16:17:26,-07:00,2025-10-24T16:17:26-07:00,4,148
project2_report.html,249,html,cc7dccb1,TristanRoman,2025-10-24,16:17:26,-07:00,2025-10-24T16:17:26-07:00,4,105
project2_report.html,250,html,cc7dccb1,TristanRoman,2025-10-24,16:17:26,-07:00,2025-10-24T16:17:26-07:00,3,2
project2_report.html,251,html,cc7dccb1,TristanRoman,2025-10-24,16:17:26,-07:00,2025-10-24T16:17:26-07:00,0,0
project2_report.html,252,html,cc7dccb1,TristanRoman,2025-10-24,16:17:26,-07:00,2025-10-24T16:17:26-07:00,3,1
project2_report.html,253,html,cc7dccb1,TristanRoman,2025-10-24,16:17:26,-07:00,2025-10-24T16:17:26-07:00,4,100
project2_report.html,254,html,cc7dccb1,TristanRoman,2025-10-24,16:17:26,-07:00,2025-10-24T16:17:26-07:00,4,118
project2_report.html,255,html,cc7dccb1,TristanRoman,2025-10-24,16:17:26,-07:00,2025-10-24T16:17:26-07:00,4,52
project2_report.html,256,html,cc7dccb1,TristanRoman,2025-10-24,16:17:26,-07:00,2025-10-24T16:17:26-07:00,3,2
project2_report.html,257,html,cc7dccb1,TristanRoman,2025-10-24,16:17:26,-07:00,2025-10-24T16:17:26-07:00,0,0
project2_report.html,258,html,cc7dccb1,TristanRoman,2025-10-24,16:17:26,-07:00,2025-10-24T16:17:26-07:00,3,1
project2_report.html,259,html,cc7dccb1,TristanRoman,2025-10-24,16:17:26,-07:00,2025-10-24T16:17:26-07:00,4,65
project2_report.html,260,html,cc7dccb1,TristanRoman,2025-10-24,16:17:26,-07:00,2025-10-24T16:17:26-07:00,4,144
project2_report.html,261,html,cc7dccb1,TristanRoman,2025-10-24,16:17:26,-07:00,2025-10-24T16:17:26-07:00,4,98
project2_report.html,262,html,cc7dccb1,TristanRoman,2025-10-24,16:17:26,-07:00,2025-10-24T16:17:26-07:00,4,118
project2_report.html,263,html,cc7dccb1,TristanRoman,2025-10-24,16:17:26,-07:00,2025-10-24T16:17:26-07:00,4,123
project2_report.html,264,html,cc7dccb1,TristanRoman,2025-10-24,16:17:26,-07:00,2025-10-24T16:17:26-07:00,4,97
project2_report.html,265,html,cc7dccb1,TristanRoman,2025-10-24,16:17:26,-07:00,2025-10-24T16:17:26-07:00,3,2
project2_report.html,266,html,cc7dccb1,TristanRoman,2025-10-24,16:17:26,-07:00,2025-10-24T16:17:26-07:00,0,0
project2_report.html,267,html,cc7dccb1,TristanRoman,2025-10-24,16:17:26,-07:00,2025-10-24T16:17:26-07:00,3,1
project2_report.html,268,html,cc7dccb1,TristanRoman,2025-10-24,16:17:26,-07:00,2025-10-24T16:17:26-07:00,4,101
project2_report.html,269,html,cc7dccb1,TristanRoman,2025-10-24,16:17:26,-07:00,2025-10-24T16:17:26-07:00,4,119
project2_report.html,270,html,cc7dccb1,TristanRoman,2025-10-24,16:17:26,-07:00,2025-10-24T16:17:26-07:00,4,132
project2_report.html,271,html,cc7dccb1,TristanRoman,2025-10-24,16:17:26,-07:00,2025-10-24T16:17:26-07:00,4,135
project2_report.html,272,html,cc7dccb1,TristanRoman,2025-10-24,16:17:26,-07:00,2025-10-24T16:17:26-07:00,4,140
project2_report.html,273,html,cc7dccb1,TristanRoman,2025-10-24,16:17:26,-07:00,2025-10-24T16:17:26-07:00,3,2
project2_report.html,274,html,cc7dccb1,TristanRoman,2025-10-24,16:17:26,-07:00,2025-10-24T16:17:26-07:00,3,8
project2_report.html,275,html,cc7dccb1,TristanRoman,2025-10-24,16:17:26,-07:00,2025-10-24T16:17:26-07:00,2,5
project2_report.html,276,html,cc7dccb1,TristanRoman,2025-10-24,16:17:26,-07:00,2025-10-24T16:17:26-07:00,1,5
project2_report.html,277,html,cc7dccb1,TristanRoman,2025-10-24,16:17:26,-07:00,2025-10-24T16:17:26-07:00,0,5
index_css.css,1,css,7596450e,TristanRoman,2025-10-17,16:24:06,-07:00,2025-10-17T16:24:06-07:00,0,24
index_css.css,2,css,258d3a03,TristanRoman,2025-10-03,21:43:27,-07:00,2025-10-03T21:43:27-07:00,0,9
index_css.css,3,css,258d3a03,TristanRoman,2025-10-03,21:43:27,-07:00,2025-10-03T21:43:27-07:00,2,12
index_css.css,4,css,258d3a03,TristanRoman,2025-10-03,21:43:27,-07:00,2025-10-03T21:43:27-07:00,2,35
index_css.css,5,css,258d3a03,TristanRoman,2025-10-03,21:43:27,-07:00,2025-10-03T21:43:27-07:00,2,24
index_css.css,6,css,258d3a03,TristanRoman,2025-10-03,21:43:27,-07:00,2025-10-03T21:43:27-07:00,2,50
index_css.css,7,css,258d3a03,TristanRoman,2025-10-03,21:43:27,-07:00,2025-10-03T21:43:27-07:00,2,21
index_css.css,8,css,258d3a03,TristanRoman,2025-10-03,21:43:27,-07:00,2025-10-03T21:43:27-07:00,0,0
index_css.css,9,css,258d3a03,TristanRoman,2025-10-03,21:43:27,-07:00,2025-10-03T21:43:27-07:00,0,0
index_css.css,10,css,7596450e,TristanRoman,2025-10-17,16:24:06,-07:00,2025-10-17T16:24:06-07:00,0,48
index_css.css,11,css,258d3a03,TristanRoman,2025-10-03,21:43:27,-07:00,2025-10-03T21:43:27-07:00,0,13
index_css.css,12,css,258d3a03,TristanRoman,2025-10-03,21:43:27,-07:00,2025-10-03T21:43:27-07:00,2,13
index_css.css,13,css,258d3a03,TristanRoman,2025-10-03,21:43:27,-07:00,2025-10-03T21:43:27-07:00,2,11
index_css.css,14,css,258d3a03,TristanRoman,2025-10-03,21:43:27,-07:00,2025-10-03T21:43:27-07:00,0,24
index_css.css,15,css,258d3a03,TristanRoman,2025-10-03,21:43:27,-07:00,2025-10-03T21:43:27-07:00,0,23
index_css.css,16,css,258d3a03,TristanRoman,2025-10-03,21:43:27,-07:00,2025-10-03T21:43:27-07:00,0,42
index_css.css,17,css,258d3a03,TristanRoman,2025-10-03,21:43:27,-07:00,2025-10-03T21:43:27-07:00,0,28
index_css.css,18,css,258d3a03,TristanRoman,2025-10-03,21:43:27,-07:00,2025-10-03T21:43:27-07:00,0,39
index_css.css,19,css,258d3a03,TristanRoman,2025-10-03,21:43:27,-07:00,2025-10-03T21:43:27-07:00,0,21
index_css.css,20,css,258d3a03,TristanRoman,2025-10-03,21:43:27,-07:00,2025-10-03T21:43:27-07:00,0,21
index_css.css,21,css,7596450e,TristanRoman,2025-10-17,16:24:06,-07:00,2025-10-17T16:24:06-07:00,0,42
index_css.css,22,css,258d3a03,TristanRoman,2025-10-03,21:43:27,-07:00,2025-10-03T21:43:27-07:00,2,17
index_css.css,23,css,7596450e,TristanRoman,2025-10-17,16:24:06,-07:00,2025-10-17T16:24:06-07:00,0,57
index_css.css,24,css,7596450e,TristanRoman,2025-10-17,16:24:06,-07:00,2025-10-17T16:24:06-07:00,4,58
index_css.css,25,css,258d3a03,TristanRoman,2025-10-03,21:43:27,-07:00,2025-10-03T21:43:27-07:00,0,0
index_css.css,26,css,258d3a03,TristanRoman,2025-10-03,21:43:27,-07:00,2025-10-03T21:43:27-07:00,0,0
index_css.css,27,css,7596450e,TristanRoman,2025-10-17,16:24:06,-07:00,2025-10-17T16:24:06-07:00,0,39
index_css.css,28,css,7596450e,TristanRoman,2025-10-17,16:24:06,-07:00,2025-10-17T16:24:06-07:00,1,67
index_css.css,29,css,258d3a03,TristanRoman,2025-10-03,21:43:27,-07:00,2025-10-03T21:43:27-07:00,0,18
index_css.css,30,css,7596450e,TristanRoman,2025-10-17,16:24:06,-07:00,2025-10-17T16:24:06-07:00,2,54
index_css.css,31,css,7596450e,TristanRoman,2025-10-17,16:24:06,-07:00,2025-10-17T16:24:06-07:00,2,16
index_css.css,32,css,258d3a03,TristanRoman,2025-10-03,21:43:27,-07:00,2025-10-03T21:43:27-07:00,2,47
index_css.css,33,css,258d3a03,TristanRoman,2025-10-03,21:43:27,-07:00,2025-10-03T21:43:27-07:00,2,17
index_css.css,34,css,258d3a03,TristanRoman,2025-10-03,21:43:27,-07:00,2025-10-03T21:43:27-07:00,2,18
index_css.css,35,css,7596450e,TristanRoman,2025-10-17,16:24:06,-07:00,2025-10-17T16:24:06-07:00,2,36
index_css.css,36,css,7596450e,TristanRoman,2025-10-17,16:24:06,-07:00,2025-10-17T16:24:06-07:00,2,43
index_css.css,37,css,258d3a03,TristanRoman,2025-10-03,21:43:27,-07:00,2025-10-03T21:43:27-07:00,0,0
index_css.css,38,css,7596450e,TristanRoman,2025-10-17,16:24:06,-07:00,2025-10-17T16:24:06-07:00,0,0
index_css.css,39,css,7596450e,TristanRoman,2025-10-17,16:24:06,-07:00,2025-10-17T16:24:06-07:00,0,32
index_css.css,40,css,258d3a03,TristanRoman,2025-10-03,21:43:27,-07:00,2025-10-03T21:43:27-07:00,0,13
index_css.css,41,css,258d3a03,TristanRoman,2025-10-03,21:43:27,-07:00,2025-10-03T21:43:27-07:00,2,13
index_css.css,42,css,258d3a03,TristanRoman,2025-10-03,21:43:27,-07:00,2025-10-03T21:43:27-07:00,2,14
index_css.css,43,css,258d3a03,TristanRoman,2025-10-03,21:43:27,-07:00,2025-10-03T21:43:27-07:00,2,17
index_css.css,44,css,258d3a03,TristanRoman,2025-10-03,21:43:27,-07:00,2025-10-03T21:43:27-07:00,2,47
index_css.css,45,css,258d3a03,TristanRoman,2025-10-03,21:43:27,-07:00,2025-10-03T21:43:27-07:00,2,16
index_css.css,46,css,258d3a03,TristanRoman,2025-10-03,21:43:27,-07:00,2025-10-03T21:43:27-07:00,0,0
index_css.css,47,css,258d3a03,TristanRoman,2025-10-03,21:43:27,-07:00,2025-10-03T21:43:27-07:00,0,5
index_css.css,48,css,258d3a03,TristanRoman,2025-10-03,21:43:27,-07:00,2025-10-03T21:43:27-07:00,2,16
index_css.css,49,css,258d3a03,TristanRoman,2025-10-03,21:43:27,-07:00,2025-10-03T21:43:27-07:00,2,13
index_css.css,50,css,258d3a03,TristanRoman,2025-10-03,21:43:27,-07:00,2025-10-03T21:43:27-07:00,2,16
index_css.css,51,css,258d3a03,TristanRoman,2025-10-03,21:43:27,-07:00,2025-10-03T21:43:27-07:00,2,18
index_css.css,52,css,258d3a03,TristanRoman,2025-10-03,21:43:27,-07:00,2025-10-03T21:43:27-07:00,0,0
index_css.css,53,css,258d3a03,TristanRoman,2025-10-03,21:43:27,-07:00,2025-10-03T21:43:27-07:00,0,18
index_css.css,54,css,258d3a03,TristanRoman,2025-10-03,21:43:27,-07:00,2025-10-03T21:43:27-07:00,2,15
index_css.css,55,css,258d3a03,TristanRoman,2025-10-03,21:43:27,-07:00,2025-10-03T21:43:27-07:00,2,15
index_css.css,56,css,258d3a03,TristanRoman,2025-10-03,21:43:27,-07:00,2025-10-03T21:43:27-07:00,2,38
index_css.css,57,css,258d3a03,TristanRoman,2025-10-03,21:43:27,-07:00,2025-10-03T21:43:27-07:00,0,0
index_css.css,58,css,258d3a03,TristanRoman,2025-10-03,21:43:27,-07:00,2025-10-03T21:43:27-07:00,0,14
index_css.css,59,css,258d3a03,TristanRoman,2025-10-03,21:43:27,-07:00,2025-10-03T21:43:27-07:00,2,18
index_css.css,60,css,258d3a03,TristanRoman,2025-10-03,21:43:27,-07:00,2025-10-03T21:43:27-07:00,2,14
index_css.css,61,css,258d3a03,TristanRoman,2025-10-03,21:43:27,-07:00,2025-10-03T21:43:27-07:00,0,0
index_css.css,62,css,7596450e,TristanRoman,2025-10-17,16:24:06,-07:00,2025-10-17T16:24:06-07:00,0,0
index_css.css,63,css,7596450e,TristanRoman,2025-10-17,16:24:06,-07:00,2025-10-17T16:24:06-07:00,0,51
index_css.css,64,css,258d3a03,TristanRoman,2025-10-03,21:43:27,-07:00,2025-10-03T21:43:27-07:00,0,15
index_css.css,65,css,258d3a03,TristanRoman,2025-10-03,21:43:27,-07:00,2025-10-03T21:43:27-07:00,2,38
index_css.css,66,css,258d3a03,TristanRoman,2025-10-03,21:43:27,-07:00,2025-10-03T21:43:27-07:00,2,13
index_css.css,67,css,258d3a03,TristanRoman,2025-10-03,21:43:27,-07:00,2025-10-03T21:43:27-07:00,2,20
index_css.css,68,css,7596450e,TristanRoman,2025-10-17,16:24:06,-07:00,2025-10-17T16:24:06-07:00,2,41
index_css.css,69,css,7596450e,TristanRoman,2025-10-17,16:24:06,-07:00,2025-10-17T16:24:06-07:00,2,41
index_css.css,70,css,258d3a03,TristanRoman,2025-10-03,21:43:27,-07:00,2025-10-03T21:43:27-07:00,2,23
index_css.css,71,css,7596450e,TristanRoman,2025-10-17,16:24:06,-07:00,2025-10-17T16:24:06-07:00,2,67
index_css.css,72,css,258d3a03,TristanRoman,2025-10-03,21:43:27,-07:00,2025-10-03T21:43:27-07:00,0,0
index_css.css,73,css,7596450e,TristanRoman,2025-10-17,16:24:06,-07:00,2025-10-17T16:24:06-07:00,0,0
index_css.css,74,css,7596450e,TristanRoman,2025-10-17,16:24:06,-07:00,2025-10-17T16:24:06-07:00,0,40
index_css.css,75,css,258d3a03,TristanRoman,2025-10-03,21:43:27,-07:00,2025-10-03T21:43:27-07:00,0,13
index_css.css,76,css,258d3a03,TristanRoman,2025-10-03,21:43:27,-07:00,2025-10-03T21:43:27-07:00,2,12
index_css.css,77,css,258d3a03,TristanRoman,2025-10-03,21:43:27,-07:00,2025-10-03T21:43:27-07:00,2,29
index_css.css,78,css,258d3a03,TristanRoman,2025-10-03,21:43:27,-07:00,2025-10-03T21:43:27-07:00,2,53
index_css.css,79,css,7596450e,TristanRoman,2025-10-17,16:24:06,-07:00,2025-10-17T16:24:06-07:00,2,60
index_css.css,80,css,258d3a03,TristanRoman,2025-10-03,21:43:27,-07:00,2025-10-03T21:43:27-07:00,2,15
index_css.css,81,css,258d3a03,TristanRoman,2025-10-03,21:43:27,-07:00,2025-10-03T21:43:27-07:00,2,16
index_css.css,82,css,7596450e,TristanRoman,2025-10-17,16:24:06,-07:00,2025-10-17T16:24:06-07:00,2,42
index_css.css,83,css,258d3a03,TristanRoman,2025-10-03,21:43:27,-07:00,2025-10-03T21:43:27-07:00,0,0
index_css.css,84,css,7596450e,TristanRoman,2025-10-17,16:24:06,-07:00,2025-10-17T16:24:06-07:00,0,0
index_css.css,85,css,7596450e,TristanRoman,2025-10-17,16:24:06,-07:00,2025-10-17T16:24:06-07:00,0,19
index_css.css,86,css,258d3a03,TristanRoman,2025-10-03,21:43:27,-07:00,2025-10-03T21:43:27-07:00,0,17
index_css.css,87,css,258d3a03,TristanRoman,2025-10-03,21:43:27,-07:00,2025-10-03T21:43:27-07:00,2,15
index_css.css,88,css,258d3a03,TristanRoman,2025-10-03,21:43:27,-07:00,2025-10-03T21:43:27-07:00,2,17
index_css.css,89,css,258d3a03,TristanRoman,2025-10-03,21:43:27,-07:00,2025-10-03T21:43:27-07:00,2,38
index_css.css,90,css,258d3a03,TristanRoman,2025-10-03,21:43:27,-07:00,2025-10-03T21:43:27-07:00,2,13
index_css.css,91,css,7596450e,TristanRoman,2025-10-17,16:24:06,-07:00,2025-10-17T16:24:06-07:00,2,15
index_css.css,92,css,7596450e,TristanRoman,2025-10-17,16:24:06,-07:00,2025-10-17T16:24:06-07:00,2,16
index_css.css,93,css,258d3a03,TristanRoman,2025-10-03,21:43:27,-07:00,2025-10-03T21:43:27-07:00,0,0
index_css.css,94,css,7596450e,TristanRoman,2025-10-17,16:24:06,-07:00,2025-10-17T16:24:06-07:00,0,0
index_css.css,95,css,7596450e,TristanRoman,2025-10-17,16:24:06,-07:00,2025-10-17T16:24:06-07:00,0,23
index_css.css,96,css,258d3a03,TristanRoman,2025-10-03,21:43:27,-07:00,2025-10-03T21:43:27-07:00,0,2
index_css.css,97,css,258d3a03,TristanRoman,2025-10-03,21:43:27,-07:00,2025-10-03T21:43:27-07:00,2,9
index_css.css,98,css,258d3a03,TristanRoman,2025-10-03,21:43:27,-07:00,2025-10-03T21:43:27-07:00,2,10
index_css.css,99,css,258d3a03,TristanRoman,2025-10-03,21:43:27,-07:00,2025-10-03T21:43:27-07:00,2,13
index_css.css,100,css,258d3a03,TristanRoman,2025-10-03,21:43:27,-07:00,2025-10-03T21:43:27-07:00,2,17
index_css.css,101,css,258d3a03,TristanRoman,2025-10-03,21:43:27,-07:00,2025-10-03T21:43:27-07:00,2,70
index_css.css,102,css,258d3a03,TristanRoman,2025-10-03,21:43:27,-07:00,2025-10-03T21:43:27-07:00,2,15
index_css.css,103,css,258d3a03,TristanRoman,2025-10-03,21:43:27,-07:00,2025-10-03T21:43:27-07:00,0,0
index_css.css,104,css,7596450e,TristanRoman,2025-10-17,16:24:06,-07:00,2025-10-17T16:24:06-07:00,0,0
index_css.css,105,css,7596450e,TristanRoman,2025-10-17,16:24:06,-07:00,2025-10-17T16:24:06-07:00,0,48
index_css.css,106,css,258d3a03,TristanRoman,2025-10-03,21:43:27,-07:00,2025-10-03T21:43:27-07:00,0,13
index_css.css,107,css,7596450e,TristanRoman,2025-10-17,16:24:06,-07:00,2025-10-17T16:24:06-07:00,2,25
index_css.css,108,css,258d3a03,TristanRoman,2025-10-03,21:43:27,-07:00,2025-10-03T21:43:27-07:00,2,19
index_css.css,109,css,258d3a03,TristanRoman,2025-10-03,21:43:27,-07:00,2025-10-03T21:43:27-07:00,0,0
index_css.css,110,css,258d3a03,TristanRoman,2025-10-03,21:43:27,-07:00,2025-10-03T21:43:27-07:00,0,14
index_css.css,111,css,7596450e,TristanRoman,2025-10-17,16:24:06,-07:00,2025-10-17T16:24:06-07:00,2,25
index_css.css,112,css,258d3a03,TristanRoman,2025-10-03,21:43:27,-07:00,2025-10-03T21:43:27-07:00,2,19
index_css.css,113,css,258d3a03,TristanRoman,2025-10-03,21:43:27,-07:00,2025-10-03T21:43:27-07:00,0,0
index_css.css,114,css,7596450e,TristanRoman,2025-10-17,16:24:06,-07:00,2025-10-17T16:24:06-07:00,0,0
index_css.css,115,css,7596450e,TristanRoman,2025-10-17,16:24:06,-07:00,2025-10-17T16:24:06-07:00,0,38
index_css.css,116,css,258d3a03,TristanRoman,2025-10-03,21:43:27,-07:00,2025-10-03T21:43:27-07:00,0,22
index_css.css,117,css,7596450e,TristanRoman,2025-10-17,16:24:06,-07:00,2025-10-17T16:24:06-07:00,2,47
index_css.css,118,css,7596450e,TristanRoman,2025-10-17,16:24:06,-07:00,2025-10-17T16:24:06-07:00,2,56
index_css.css,119,css,7596450e,TristanRoman,2025-10-17,16:24:06,-07:00,2025-10-17T16:24:06-07:00,2,16
index_css.css,120,css,258d3a03,TristanRoman,2025-10-03,21:43:27,-07:00,2025-10-03T21:43:27-07:00,2,11
index_css.css,121,css,258d3a03,TristanRoman,2025-10-03,21:43:27,-07:00,2025-10-03T21:43:27-07:00,2,10
index_css.css,122,css,258d3a03,TristanRoman,2025-10-03,21:43:27,-07:00,2025-10-03T21:43:27-07:00,2,16
index_css.css,123,css,7596450e,TristanRoman,2025-10-17,16:24:06,-07:00,2025-10-17T16:24:06-07:00,2,43
index_css.css,124,css,7596450e,TristanRoman,2025-10-17,16:24:06,-07:00,2025-10-17T16:24:06-07:00,2,36
index_css.css,125,css,258d3a03,TristanRoman,2025-10-03,21:43:27,-07:00,2025-10-03T21:43:27-07:00,0,0
index_css.css,126,css,258d3a03,TristanRoman,2025-10-03,21:43:27,-07:00,2025-10-03T21:43:27-07:00,0,21
index_css.css,127,css,258d3a03,TristanRoman,2025-10-03,21:43:27,-07:00,2025-10-03T21:43:27-07:00,2,10
index_css.css,128,css,7596450e,TristanRoman,2025-10-17,16:24:06,-07:00,2025-10-17T16:24:06-07:00,2,47
index_css.css,129,css,7596450e,TristanRoman,2025-10-17,16:24:06,-07:00,2025-10-17T16:24:06-07:00,2,23
index_css.css,130,css,7596450e,TristanRoman,2025-10-17,16:24:06,-07:00,2025-10-17T16:24:06-07:00,2,16
index_css.css,131,css,258d3a03,TristanRoman,2025-10-03,21:43:27,-07:00,2025-10-03T21:43:27-07:00,2,11
index_css.css,132,css,258d3a03,TristanRoman,2025-10-03,21:43:27,-07:00,2025-10-03T21:43:27-07:00,2,10
index_css.css,133,css,258d3a03,TristanRoman,2025-10-03,21:43:27,-07:00,2025-10-03T21:43:27-07:00,2,16
index_css.css,134,css,7596450e,TristanRoman,2025-10-17,16:24:06,-07:00,2025-10-17T16:24:06-07:00,2,44
index_css.css,135,css,7596450e,TristanRoman,2025-10-17,16:24:06,-07:00,2025-10-17T16:24:06-07:00,2,36
index_css.css,136,css,258d3a03,TristanRoman,2025-10-03,21:43:27,-07:00,2025-10-03T21:43:27-07:00,0,0
index_css.css,137,css,258d3a03,TristanRoman,2025-10-03,21:43:27,-07:00,2025-10-03T21:43:27-07:00,0,0
index_css.css,138,css,7596450e,TristanRoman,2025-10-17,16:24:06,-07:00,2025-10-17T16:24:06-07:00,0,46
index_css.css,139,css,258d3a03,TristanRoman,2025-10-03,21:43:27,-07:00,2025-10-03T21:43:27-07:00,0,17
index_css.css,140,css,258d3a03,TristanRoman,2025-10-03,21:43:27,-07:00,2025-10-03T21:43:27-07:00,2,10
index_css.css,141,css,258d3a03,TristanRoman,2025-10-03,21:43:27,-07:00,2025-10-03T21:43:27-07:00,2,10
index_css.css,142,css,258d3a03,TristanRoman,2025-10-03,21:43:27,-07:00,2025-10-03T21:43:27-07:00,2,11
index_css.css,143,css,258d3a03,TristanRoman,2025-10-03,21:43:27,-07:00,2025-10-03T21:43:27-07:00,2,16
index_css.css,144,css,7596450e,TristanRoman,2025-10-17,16:24:06,-07:00,2025-10-17T16:24:06-07:00,2,44
index_css.css,145,css,258d3a03,TristanRoman,2025-10-03,21:43:27,-07:00,2025-10-03T21:43:27-07:00,0,0
index_css.css,146,css,258d3a03,TristanRoman,2025-10-03,21:43:27,-07:00,2025-10-03T21:43:27-07:00,0,18
index_css.css,147,css,258d3a03,TristanRoman,2025-10-03,21:43:27,-07:00,2025-10-03T21:43:27-07:00,2,10
index_css.css,148,css,258d3a03,TristanRoman,2025-10-03,21:43:27,-07:00,2025-10-03T21:43:27-07:00,2,10
index_css.css,149,css,258d3a03,TristanRoman,2025-10-03,21:43:27,-07:00,2025-10-03T21:43:27-07:00,2,10
index_css.css,150,css,258d3a03,TristanRoman,2025-10-03,21:43:27,-07:00,2025-10-03T21:43:27-07:00,2,16
index_css.css,151,css,7596450e,TristanRoman,2025-10-17,16:24:06,-07:00,2025-10-17T16:24:06-07:00,2,43
index_css.css,152,css,258d3a03,TristanRoman,2025-10-03,21:43:27,-07:00,2025-10-03T21:43:27-07:00,0,0
index_css.css,153,css,258d3a03,TristanRoman,2025-10-03,21:43:27,-07:00,2025-10-03T21:43:27-07:00,0,0
index_css.css,154,css,7596450e,TristanRoman,2025-10-17,16:24:06,-07:00,2025-10-17T16:24:06-07:00,0,41
index_css.css,155,css,7596450e,TristanRoman,2025-10-17,16:24:06,-07:00,2025-10-17T16:24:06-07:00,0,22
index_css.css,156,css,258d3a03,TristanRoman,2025-10-03,21:43:27,-07:00,2025-10-03T21:43:27-07:00,0,21
index_css.css,157,css,258d3a03,TristanRoman,2025-10-03,21:43:27,-07:00,2025-10-03T21:43:27-07:00,2,20
index_css.css,158,css,258d3a03,TristanRoman,2025-10-03,21:43:27,-07:00,2025-10-03T21:43:27-07:00,2,15
index_css.css,159,css,258d3a03,TristanRoman,2025-10-03,21:43:27,-07:00,2025-10-03T21:43:27-07:00,2,14
index_css.css,160,css,258d3a03,TristanRoman,2025-10-03,21:43:27,-07:00,2025-10-03T21:43:27-07:00,2,15
index_css.css,161,css,258d3a03,TristanRoman,2025-10-03,21:43:27,-07:00,2025-10-03T21:43:27-07:00,2,47
index_css.css,162,css,7596450e,TristanRoman,2025-10-17,16:24:06,-07:00,2025-10-17T16:24:06-07:00,2,16
index_css.css,163,css,258d3a03,TristanRoman,2025-10-03,21:43:27,-07:00,2025-10-03T21:43:27-07:00,0,0
index_css.css,164,css,7596450e,TristanRoman,2025-10-17,16:24:06,-07:00,2025-10-17T16:24:06-07:00,0,0
index_css.css,165,css,7596450e,TristanRoman,2025-10-17,16:24:06,-07:00,2025-10-17T16:24:06-07:00,0,14
index_css.css,166,css,258d3a03,TristanRoman,2025-10-03,21:43:27,-07:00,2025-10-03T21:43:27-07:00,0,18
index_css.css,167,css,258d3a03,TristanRoman,2025-10-03,21:43:27,-07:00,2025-10-03T21:43:27-07:00,2,15
index_css.css,168,css,258d3a03,TristanRoman,2025-10-03,21:43:27,-07:00,2025-10-03T21:43:27-07:00,2,16
index_css.css,169,css,258d3a03,TristanRoman,2025-10-03,21:43:27,-07:00,2025-10-03T21:43:27-07:00,2,38
index_css.css,170,css,258d3a03,TristanRoman,2025-10-03,21:43:27,-07:00,2025-10-03T21:43:27-07:00,2,15
index_css.css,171,css,258d3a03,TristanRoman,2025-10-03,21:43:27,-07:00,2025-10-03T21:43:27-07:00,2,15
index_css.css,172,css,7596450e,TristanRoman,2025-10-17,16:24:06,-07:00,2025-10-17T16:24:06-07:00,2,16
index_css.css,173,css,7596450e,TristanRoman,2025-10-17,16:24:06,-07:00,2025-10-17T16:24:06-07:00,0,0
index_css.css,174,css,7596450e,TristanRoman,2025-10-17,16:24:06,-07:00,2025-10-17T16:24:06-07:00,0,0
index_css.css,175,css,7596450e,TristanRoman,2025-10-17,16:24:06,-07:00,2025-10-17T16:24:06-07:00,0,30
index_css.css,176,css,7596450e,TristanRoman,2025-10-17,16:24:06,-07:00,2025-10-17T16:24:06-07:00,0,97
index_css.css,177,css,7596450e,TristanRoman,2025-10-17,16:24:06,-07:00,2025-10-17T16:24:06-07:00,0,93
index_css.css,178,css,7596450e,TristanRoman,2025-10-17,16:24:06,-07:00,2025-10-17T16:24:06-07:00,0,97
index_css.css,179,css,7596450e,TristanRoman,2025-10-17,16:24:06,-07:00,2025-10-17T16:24:06-07:00,0,93
index_css.css,180,css,7596450e,TristanRoman,2025-10-17,16:24:06,-07:00,2025-10-17T16:24:06-07:00,0,104
index_css.css,181,css,7596450e,TristanRoman,2025-10-17,16:24:06,-07:00,2025-10-17T16:24:06-07:00,0,100
index_css.css,182,css,7596450e,TristanRoman,2025-10-17,16:24:06,-07:00,2025-10-17T16:24:06-07:00,0,97
index_css.css,183,css,7596450e,TristanRoman,2025-10-17,16:24:06,-07:00,2025-10-17T16:24:06-07:00,0,101
index_css.css,184,css,7596450e,TristanRoman,2025-10-17,16:24:06,-07:00,2025-10-17T16:24:06-07:00,0,97
index_css.css,185,css,7596450e,TristanRoman,2025-10-17,16:24:06,-07:00,2025-10-17T16:24:06-07:00,0,93
index_css.css,186,css,7596450e,TristanRoman,2025-10-17,16:24:06,-07:00,2025-10-17T16:24:06-07:00,0,0
index_css.css,187,css,7596450e,TristanRoman,2025-10-17,16:24:06,-07:00,2025-10-17T16:24:06-07:00,0,32
index_css.css,188,css,7596450e,TristanRoman,2025-10-17,16:24:06,-07:00,2025-10-17T16:24:06-07:00,0,43
index.html,1,html,e340d821,TristanRoman,2025-10-03,21:20:30,-07:00,2025-10-03T21:20:30-07:00,0,13
index.html,2,html,e340d821,TristanRoman,2025-10-03,21:20:30,-07:00,2025-10-03T21:20:30-07:00,0,14
index.html,3,html,e340d821,TristanRoman,2025-10-03,21:20:30,-07:00,2025-10-03T21:20:30-07:00,0,4
index.html,4,html,e340d821,TristanRoman,2025-10-03,21:20:30,-07:00,2025-10-03T21:20:30-07:00,2,20
index.html,5,html,70373dc8,TristanRoman,2025-10-03,21:37:33,-07:00,2025-10-03T21:37:33-07:00,2,51
index.html,6,html,e340d821,TristanRoman,2025-10-03,21:20:30,-07:00,2025-10-03T21:20:30-07:00,2,68
index.html,7,html,70373dc8,TristanRoman,2025-10-03,21:37:33,-07:00,2025-10-03T21:37:33-07:00,2,21
index.html,8,html,70373dc8,TristanRoman,2025-10-03,21:37:33,-07:00,2025-10-03T21:37:33-07:00,2,45
index.html,9,html,f326fb91,TristanRoman,2025-10-24,13:57:29,-07:00,2025-10-24T13:57:29-07:00,2,44
index.html,10,html,f326fb91,TristanRoman,2025-10-24,13:57:29,-07:00,2025-10-24T13:57:29-07:00,2,55
index.html,11,html,e340d821,TristanRoman,2025-10-03,21:20:30,-07:00,2025-10-03T21:20:30-07:00,0,5
index.html,12,html,e340d821,TristanRoman,2025-10-03,21:20:30,-07:00,2025-10-03T21:20:30-07:00,0,4
index.html,13,html,c3d04a2d,TristanRoman,2025-10-10,21:42:02,-07:00,2025-10-10T21:42:02-07:00,2,0
index.html,14,html,70373dc8,TristanRoman,2025-10-03,21:37:33,-07:00,2025-10-03T21:37:33-07:00,2,6
index.html,15,html,7596450e,TristanRoman,2025-10-17,16:24:06,-07:00,2025-10-17T16:24:06-07:00,4,36
index.html,16,html,70373dc8,TristanRoman,2025-10-03,21:37:33,-07:00,2025-10-03T21:37:33-07:00,6,29
index.html,17,html,70373dc8,TristanRoman,2025-10-03,21:37:33,-07:00,2025-10-03T21:37:33-07:00,6,32
index.html,18,html,70373dc8,TristanRoman,2025-10-03,21:37:33,-07:00,2025-10-03T21:37:33-07:00,6,43
index.html,19,html,70373dc8,TristanRoman,2025-10-03,21:37:33,-07:00,2025-10-03T21:37:33-07:00,6,44
index.html,20,html,7dd2dc16,TristanRoman,2025-10-10,22:09:19,-07:00,2025-10-10T22:09:19-07:00,6,60
index.html,21,html,e8758c9f,TristanRoman,2025-10-03,23:31:07,-07:00,2025-10-03T23:31:07-07:00,6,45
index.html,22,html,7596450e,TristanRoman,2025-10-17,16:24:06,-07:00,2025-10-17T16:24:06-07:00,4,25
index.html,23,html,70373dc8,TristanRoman,2025-10-03,21:37:33,-07:00,2025-10-03T21:37:33-07:00,2,7
index.html,24,html,70373dc8,TristanRoman,2025-10-03,21:37:33,-07:00,2025-10-03T21:37:33-07:00,2,4
index.html,25,html,70373dc8,TristanRoman,2025-10-03,21:37:33,-07:00,2025-10-03T21:37:33-07:00,4,43
index.html,26,html,70373dc8,TristanRoman,2025-10-03,21:37:33,-07:00,2025-10-03T21:37:33-07:00,6,85
index.html,27,html,70373dc8,TristanRoman,2025-10-03,21:37:33,-07:00,2025-10-03T21:37:33-07:00,6,68
index.html,28,html,70373dc8,TristanRoman,2025-10-03,21:37:33,-07:00,2025-10-03T21:37:33-07:00,8,30
index.html,29,html,70373dc8,TristanRoman,2025-10-03,21:37:33,-07:00,2025-10-03T21:37:33-07:00,8,40
index.html,30,html,70373dc8,TristanRoman,2025-10-03,21:37:33,-07:00,2025-10-03T21:37:33-07:00,8,61
index.html,31,html,70373dc8,TristanRoman,2025-10-03,21:37:33,-07:00,2025-10-03T21:37:33-07:00,8,25
index.html,32,html,7dd2dc16,TristanRoman,2025-10-10,22:09:19,-07:00,2025-10-10T22:09:19-07:00,10,56
index.html,33,html,7dd2dc16,TristanRoman,2025-10-10,22:09:19,-07:00,2025-10-10T22:09:19-07:00,10,57
index.html,34,html,7dd2dc16,TristanRoman,2025-10-10,22:09:19,-07:00,2025-10-10T22:09:19-07:00,10,66
index.html,35,html,7dd2dc16,TristanRoman,2025-10-10,22:09:19,-07:00,2025-10-10T22:09:19-07:00,10,66
index.html,36,html,70373dc8,TristanRoman,2025-10-03,21:37:33,-07:00,2025-10-03T21:37:33-07:00,10,2
index.html,37,html,70373dc8,TristanRoman,2025-10-03,21:37:33,-07:00,2025-10-03T21:37:33-07:00,10,2
index.html,38,html,7dd2dc16,TristanRoman,2025-10-10,22:09:19,-07:00,2025-10-10T22:09:19-07:00,10,73
index.html,39,html,70373dc8,TristanRoman,2025-10-03,21:37:33,-07:00,2025-10-03T21:37:33-07:00,8,2
index.html,40,html,70373dc8,TristanRoman,2025-10-03,21:37:33,-07:00,2025-10-03T21:37:33-07:00,8,26
index.html,41,html,70373dc8,TristanRoman,2025-10-03,21:37:33,-07:00,2025-10-03T21:37:33-07:00,9,19
index.html,42,html,70373dc8,TristanRoman,2025-10-03,21:37:33,-07:00,2025-10-03T21:37:33-07:00,9,6
index.html,43,html,70373dc8,TristanRoman,2025-10-03,21:37:33,-07:00,2025-10-03T21:37:33-07:00,8,2
index.html,44,html,70373dc8,TristanRoman,2025-10-03,21:37:33,-07:00,2025-10-03T21:37:33-07:00,6,4
index.html,45,html,70373dc8,TristanRoman,2025-10-03,21:37:33,-07:00,2025-10-03T21:37:33-07:00,4,4
index.html,46,html,70373dc8,TristanRoman,2025-10-03,21:37:33,-07:00,2025-10-03T21:37:33-07:00,4,98
index.html,47,html,70373dc8,TristanRoman,2025-10-03,21:37:33,-07:00,2025-10-03T21:37:33-07:00,0,0
index.html,48,html,70373dc8,TristanRoman,2025-10-03,21:37:33,-07:00,2025-10-03T21:37:33-07:00,4,95
index.html,49,html,70373dc8,TristanRoman,2025-10-03,21:37:33,-07:00,2025-10-03T21:37:33-07:00,4,104
index.html,50,html,70373dc8,TristanRoman,2025-10-03,21:37:33,-07:00,2025-10-03T21:37:33-07:00,4,41
index.html,51,html,e340d821,TristanRoman,2025-10-03,21:20:30,-07:00,2025-10-03T21:20:30-07:00,2,0
index.html,52,html,70373dc8,TristanRoman,2025-10-03,21:37:33,-07:00,2025-10-03T21:37:33-07:00,4,34
index.html,53,html,70373dc8,TristanRoman,2025-10-03,21:37:33,-07:00,2025-10-03T21:37:33-07:00,4,25
index.html,54,html,70373dc8,TristanRoman,2025-10-03,21:37:33,-07:00,2025-10-03T21:37:33-07:00,6,50
index.html,55,html,70373dc8,TristanRoman,2025-10-03,21:37:33,-07:00,2025-10-03T21:37:33-07:00,8,15
index.html,56,html,70373dc8,TristanRoman,2025-10-03,21:37:33,-07:00,2025-10-03T21:37:33-07:00,8,30
index.html,57,html,70373dc8,TristanRoman,2025-10-03,21:37:33,-07:00,2025-10-03T21:37:33-07:00,6,4
index.html,58,html,70373dc8,TristanRoman,2025-10-03,21:37:33,-07:00,2025-10-03T21:37:33-07:00,6,70
index.html,59,html,70373dc8,TristanRoman,2025-10-03,21:37:33,-07:00,2025-10-03T21:37:33-07:00,8,2
index.html,60,html,70373dc8,TristanRoman,2025-10-03,21:37:33,-07:00,2025-10-03T21:37:33-07:00,10,24
index.html,61,html,70373dc8,TristanRoman,2025-10-03,21:37:33,-07:00,2025-10-03T21:37:33-07:00,10,23
index.html,62,html,70373dc8,TristanRoman,2025-10-03,21:37:33,-07:00,2025-10-03T21:37:33-07:00,10,56
index.html,63,html,70373dc8,TristanRoman,2025-10-03,21:37:33,-07:00,2025-10-03T21:37:33-07:00,10,48
index.html,64,html,70373dc8,TristanRoman,2025-10-03,21:37:33,-07:00,2025-10-03T21:37:33-07:00,6,4
index.html,65,html,70373dc8,TristanRoman,2025-10-03,21:37:33,-07:00,2025-10-03T21:37:33-07:00,6,26
index.html,66,html,70373dc8,TristanRoman,2025-10-03,21:37:33,-07:00,2025-10-03T21:37:33-07:00,8,34
index.html,67,html,70373dc8,TristanRoman,2025-10-03,21:37:33,-07:00,2025-10-03T21:37:33-07:00,10,71
index.html,68,html,70373dc8,TristanRoman,2025-10-03,21:37:33,-07:00,2025-10-03T21:37:33-07:00,10,28
index.html,69,html,7dd2dc16,TristanRoman,2025-10-10,22:09:19,-07:00,2025-10-10T22:09:19-07:00,12,64
index.html,70,html,7dd2dc16,TristanRoman,2025-10-10,22:09:19,-07:00,2025-10-10T22:09:19-07:00,12,64
index.html,71,html,7dd2dc16,TristanRoman,2025-10-10,22:09:19,-07:00,2025-10-10T22:09:19-07:00,12,69
index.html,72,html,7dd2dc16,TristanRoman,2025-10-10,22:09:19,-07:00,2025-10-10T22:09:19-07:00,12,71
index.html,73,html,7dd2dc16,TristanRoman,2025-10-10,22:09:19,-07:00,2025-10-10T22:09:19-07:00,12,69
index.html,74,html,7dd2dc16,TristanRoman,2025-10-10,22:09:19,-07:00,2025-10-10T22:09:19-07:00,12,70
index.html,75,html,7dd2dc16,TristanRoman,2025-10-10,22:09:19,-07:00,2025-10-10T22:09:19-07:00,12,78
index.html,76,html,7dd2dc16,TristanRoman,2025-10-10,22:09:19,-07:00,2025-10-10T22:09:19-07:00,12,74
index.html,77,html,7dd2dc16,TristanRoman,2025-10-10,22:09:19,-07:00,2025-10-10T22:09:19-07:00,12,78
index.html,78,html,7dd2dc16,TristanRoman,2025-10-10,22:09:19,-07:00,2025-10-10T22:09:19-07:00,12,16
index.html,79,html,70373dc8,TristanRoman,2025-10-03,21:37:33,-07:00,2025-10-03T21:37:33-07:00,10,2
index.html,80,html,70373dc8,TristanRoman,2025-10-03,21:37:33,-07:00,2025-10-03T21:37:33-07:00,8,4
index.html,81,html,70373dc8,TristanRoman,2025-10-03,21:37:33,-07:00,2025-10-03T21:37:33-07:00,6,4
index.html,82,html,70373dc8,TristanRoman,2025-10-03,21:37:33,-07:00,2025-10-03T21:37:33-07:00,6,84
index.html,83,html,70373dc8,TristanRoman,2025-10-03,21:37:33,-07:00,2025-10-03T21:37:33-07:00,6,91
index.html,84,html,70373dc8,TristanRoman,2025-10-03,21:37:33,-07:00,2025-10-03T21:37:33-07:00,6,100
index.html,85,html,70373dc8,TristanRoman,2025-10-03,21:37:33,-07:00,2025-10-03T21:37:33-07:00,6,157
index.html,86,html,70373dc8,TristanRoman,2025-10-03,21:37:33,-07:00,2025-10-03T21:37:33-07:00,8,33
index.html,87,html,70373dc8,TristanRoman,2025-10-03,21:37:33,-07:00,2025-10-03T21:37:33-07:00,10,62
index.html,88,html,70373dc8,TristanRoman,2025-10-03,21:37:33,-07:00,2025-10-03T21:37:33-07:00,10,28
index.html,89,html,70373dc8,TristanRoman,2025-10-03,21:37:33,-07:00,2025-10-03T21:37:33-07:00,12,56
index.html,90,html,70373dc8,TristanRoman,2025-10-03,21:37:33,-07:00,2025-10-03T21:37:33-07:00,12,56
index.html,91,html,70373dc8,TristanRoman,2025-10-03,21:37:33,-07:00,2025-10-03T21:37:33-07:00,12,52
index.html,92,html,70373dc8,TristanRoman,2025-10-03,21:37:33,-07:00,2025-10-03T21:37:33-07:00,12,53
index.html,93,html,70373dc8,TristanRoman,2025-10-03,21:37:33,-07:00,2025-10-03T21:37:33-07:00,12,50
index.html,94,html,70373dc8,TristanRoman,2025-10-03,21:37:33,-07:00,2025-10-03T21:37:33-07:00,12,37
index.html,95,html,70373dc8,TristanRoman,2025-10-03,21:37:33,-07:00,2025-10-03T21:37:33-07:00,10,2
index.html,96,html,70373dc8,TristanRoman,2025-10-03,21:37:33,-07:00,2025-10-03T21:37:33-07:00,8,4
index.html,97,html,70373dc8,TristanRoman,2025-10-03,21:37:33,-07:00,2025-10-03T21:37:33-07:00,6,4
index.html,98,html,70373dc8,TristanRoman,2025-10-03,21:37:33,-07:00,2025-10-03T21:37:33-07:00,6,45
index.html,99,html,70373dc8,TristanRoman,2025-10-03,21:37:33,-07:00,2025-10-03T21:37:33-07:00,8,2
index.html,100,html,70373dc8,TristanRoman,2025-10-03,21:37:33,-07:00,2025-10-03T21:37:33-07:00,10,30
index.html,101,html,70373dc8,TristanRoman,2025-10-03,21:37:33,-07:00,2025-10-03T21:37:33-07:00,10,24
index.html,102,html,70373dc8,TristanRoman,2025-10-03,21:37:33,-07:00,2025-10-03T21:37:33-07:00,10,45
index.html,103,html,70373dc8,TristanRoman,2025-10-03,21:37:33,-07:00,2025-10-03T21:37:33-07:00,10,26
index.html,104,html,70373dc8,TristanRoman,2025-10-03,21:37:33,-07:00,2025-10-03T21:37:33-07:00,6,4
index.html,105,html,70373dc8,TristanRoman,2025-10-03,21:37:33,-07:00,2025-10-03T21:37:33-07:00,0,0
index.html,106,html,70373dc8,TristanRoman,2025-10-03,21:37:33,-07:00,2025-10-03T21:37:33-07:00,6,48
index.html,107,html,70373dc8,TristanRoman,2025-10-03,21:37:33,-07:00,2025-10-03T21:37:33-07:00,8,2
index.html,108,html,70373dc8,TristanRoman,2025-10-03,21:37:33,-07:00,2025-10-03T21:37:33-07:00,10,34
index.html,109,html,70373dc8,TristanRoman,2025-10-03,21:37:33,-07:00,2025-10-03T21:37:33-07:00,10,23
index.html,110,html,70373dc8,TristanRoman,2025-10-03,21:37:33,-07:00,2025-10-03T21:37:33-07:00,10,35
index.html,111,html,70373dc8,TristanRoman,2025-10-03,21:37:33,-07:00,2025-10-03T21:37:33-07:00,10,32
index.html,112,html,70373dc8,TristanRoman,2025-10-03,21:37:33,-07:00,2025-10-03T21:37:33-07:00,6,4
index.html,113,html,70373dc8,TristanRoman,2025-10-03,21:37:33,-07:00,2025-10-03T21:37:33-07:00,6,45
index.html,114,html,70373dc8,TristanRoman,2025-10-03,21:37:33,-07:00,2025-10-03T21:37:33-07:00,8,34
index.html,115,html,70373dc8,TristanRoman,2025-10-03,21:37:33,-07:00,2025-10-03T21:37:33-07:00,10,60
index.html,116,html,70373dc8,TristanRoman,2025-10-03,21:37:33,-07:00,2025-10-03T21:37:33-07:00,10,28
index.html,117,html,70373dc8,TristanRoman,2025-10-03,21:37:33,-07:00,2025-10-03T21:37:33-07:00,12,52
index.html,118,html,70373dc8,TristanRoman,2025-10-03,21:37:33,-07:00,2025-10-03T21:37:33-07:00,12,48
index.html,119,html,70373dc8,TristanRoman,2025-10-03,21:37:33,-07:00,2025-10-03T21:37:33-07:00,12,51
index.html,120,html,70373dc8,TristanRoman,2025-10-03,21:37:33,-07:00,2025-10-03T21:37:33-07:00,12,51
index.html,121,html,70373dc8,TristanRoman,2025-10-03,21:37:33,-07:00,2025-10-03T21:37:33-07:00,12,54
index.html,122,html,70373dc8,TristanRoman,2025-10-03,21:37:33,-07:00,2025-10-03T21:37:33-07:00,12,6
index.html,123,html,70373dc8,TristanRoman,2025-10-03,21:37:33,-07:00,2025-10-03T21:37:33-07:00,10,2
index.html,124,html,70373dc8,TristanRoman,2025-10-03,21:37:33,-07:00,2025-10-03T21:37:33-07:00,8,4
index.html,125,html,70373dc8,TristanRoman,2025-10-03,21:37:33,-07:00,2025-10-03T21:37:33-07:00,6,4
index.html,126,html,70373dc8,TristanRoman,2025-10-03,21:37:33,-07:00,2025-10-03T21:37:33-07:00,0,0
index.html,127,html,70373dc8,TristanRoman,2025-10-03,21:37:33,-07:00,2025-10-03T21:37:33-07:00,6,55
index.html,128,html,70373dc8,TristanRoman,2025-10-03,21:37:33,-07:00,2025-10-03T21:37:33-07:00,8,33
index.html,129,html,70373dc8,TristanRoman,2025-10-03,21:37:33,-07:00,2025-10-03T21:37:33-07:00,10,65
index.html,130,html,70373dc8,TristanRoman,2025-10-03,21:37:33,-07:00,2025-10-03T21:37:33-07:00,10,28
index.html,131,html,70373dc8,TristanRoman,2025-10-03,21:37:33,-07:00,2025-10-03T21:37:33-07:00,12,51
index.html,132,html,70373dc8,TristanRoman,2025-10-03,21:37:33,-07:00,2025-10-03T21:37:33-07:00,12,53
index.html,133,html,70373dc8,TristanRoman,2025-10-03,21:37:33,-07:00,2025-10-03T21:37:33-07:00,12,49
index.html,134,html,70373dc8,TristanRoman,2025-10-03,21:37:33,-07:00,2025-10-03T21:37:33-07:00,12,51
index.html,135,html,70373dc8,TristanRoman,2025-10-03,21:37:33,-07:00,2025-10-03T21:37:33-07:00,12,51
index.html,136,html,70373dc8,TristanRoman,2025-10-03,21:37:33,-07:00,2025-10-03T21:37:33-07:00,12,55
index.html,137,html,70373dc8,TristanRoman,2025-10-03,21:37:33,-07:00,2025-10-03T21:37:33-07:00,12,54
index.html,138,html,70373dc8,TristanRoman,2025-10-03,21:37:33,-07:00,2025-10-03T21:37:33-07:00,12,20
index.html,139,html,70373dc8,TristanRoman,2025-10-03,21:37:33,-07:00,2025-10-03T21:37:33-07:00,10,2
index.html,140,html,70373dc8,TristanRoman,2025-10-03,21:37:33,-07:00,2025-10-03T21:37:33-07:00,8,4
index.html,141,html,70373dc8,TristanRoman,2025-10-03,21:37:33,-07:00,2025-10-03T21:37:33-07:00,6,4
index.html,142,html,70373dc8,TristanRoman,2025-10-03,21:37:33,-07:00,2025-10-03T21:37:33-07:00,6,52
index.html,143,html,70373dc8,TristanRoman,2025-10-03,21:37:33,-07:00,2025-10-03T21:37:33-07:00,8,2
index.html,144,html,70373dc8,TristanRoman,2025-10-03,21:37:33,-07:00,2025-10-03T21:37:33-07:00,10,37
index.html,145,html,70373dc8,TristanRoman,2025-10-03,21:37:33,-07:00,2025-10-03T21:37:33-07:00,10,24
index.html,146,html,70373dc8,TristanRoman,2025-10-03,21:37:33,-07:00,2025-10-03T21:37:33-07:00,10,57
index.html,147,html,70373dc8,TristanRoman,2025-10-03,21:37:33,-07:00,2025-10-03T21:37:33-07:00,10,32
index.html,148,html,70373dc8,TristanRoman,2025-10-03,21:37:33,-07:00,2025-10-03T21:37:33-07:00,6,4
index.html,149,html,70373dc8,TristanRoman,2025-10-03,21:37:33,-07:00,2025-10-03T21:37:33-07:00,6,0
index.html,150,html,70373dc8,TristanRoman,2025-10-03,21:37:33,-07:00,2025-10-03T21:37:33-07:00,6,48
index.html,151,html,70373dc8,TristanRoman,2025-10-03,21:37:33,-07:00,2025-10-03T21:37:33-07:00,8,2
index.html,152,html,70373dc8,TristanRoman,2025-10-03,21:37:33,-07:00,2025-10-03T21:37:33-07:00,10,34
index.html,153,html,70373dc8,TristanRoman,2025-10-03,21:37:33,-07:00,2025-10-03T21:37:33-07:00,10,23
index.html,154,html,70373dc8,TristanRoman,2025-10-03,21:37:33,-07:00,2025-10-03T21:37:33-07:00,10,32
index.html,155,html,70373dc8,TristanRoman,2025-10-03,21:37:33,-07:00,2025-10-03T21:37:33-07:00,10,27
index.html,156,html,70373dc8,TristanRoman,2025-10-03,21:37:33,-07:00,2025-10-03T21:37:33-07:00,6,4
index.html,157,html,70373dc8,TristanRoman,2025-10-03,21:37:33,-07:00,2025-10-03T21:37:33-07:00,6,53
index.html,158,html,70373dc8,TristanRoman,2025-10-03,21:37:33,-07:00,2025-10-03T21:37:33-07:00,8,34
index.html,159,html,70373dc8,TristanRoman,2025-10-03,21:37:33,-07:00,2025-10-03T21:37:33-07:00,10,75
index.html,160,html,70373dc8,TristanRoman,2025-10-03,21:37:33,-07:00,2025-10-03T21:37:33-07:00,10,28
index.html,161,html,70373dc8,TristanRoman,2025-10-03,21:37:33,-07:00,2025-10-03T21:37:33-07:00,12,54
index.html,162,html,70373dc8,TristanRoman,2025-10-03,21:37:33,-07:00,2025-10-03T21:37:33-07:00,12,50
index.html,163,html,70373dc8,TristanRoman,2025-10-03,21:37:33,-07:00,2025-10-03T21:37:33-07:00,12,56
index.html,164,html,70373dc8,TristanRoman,2025-10-03,21:37:33,-07:00,2025-10-03T21:37:33-07:00,12,49
index.html,165,html,70373dc8,TristanRoman,2025-10-03,21:37:33,-07:00,2025-10-03T21:37:33-07:00,12,49
index.html,166,html,70373dc8,TristanRoman,2025-10-03,21:37:33,-07:00,2025-10-03T21:37:33-07:00,12,49
index.html,167,html,70373dc8,TristanRoman,2025-10-03,21:37:33,-07:00,2025-10-03T21:37:33-07:00,12,53
index.html,168,html,70373dc8,TristanRoman,2025-10-03,21:37:33,-07:00,2025-10-03T21:37:33-07:00,10,2
index.html,169,html,70373dc8,TristanRoman,2025-10-03,21:37:33,-07:00,2025-10-03T21:37:33-07:00,8,4
index.html,170,html,70373dc8,TristanRoman,2025-10-03,21:37:33,-07:00,2025-10-03T21:37:33-07:00,6,4
index.html,171,html,70373dc8,TristanRoman,2025-10-03,21:37:33,-07:00,2025-10-03T21:37:33-07:00,0,0
index.html,172,html,70373dc8,TristanRoman,2025-10-03,21:37:33,-07:00,2025-10-03T21:37:33-07:00,6,48
index.html,173,html,70373dc8,TristanRoman,2025-10-03,21:37:33,-07:00,2025-10-03T21:37:33-07:00,8,33
index.html,174,html,70373dc8,TristanRoman,2025-10-03,21:37:33,-07:00,2025-10-03T21:37:33-07:00,10,58
index.html,175,html,70373dc8,TristanRoman,2025-10-03,21:37:33,-07:00,2025-10-03T21:37:33-07:00,10,28
index.html,176,html,70373dc8,TristanRoman,2025-10-03,21:37:33,-07:00,2025-10-03T21:37:33-07:00,12,54
index.html,177,html,70373dc8,TristanRoman,2025-10-03,21:37:33,-07:00,2025-10-03T21:37:33-07:00,12,51
index.html,178,html,70373dc8,TristanRoman,2025-10-03,21:37:33,-07:00,2025-10-03T21:37:33-07:00,12,51
index.html,179,html,70373dc8,TristanRoman,2025-10-03,21:37:33,-07:00,2025-10-03T21:37:33-07:00,12,56
index.html,180,html,70373dc8,TristanRoman,2025-10-03,21:37:33,-07:00,2025-10-03T21:37:33-07:00,12,56
index.html,181,html,70373dc8,TristanRoman,2025-10-03,21:37:33,-07:00,2025-10-03T21:37:33-07:00,12,54
index.html,182,html,70373dc8,TristanRoman,2025-10-03,21:37:33,-07:00,2025-10-03T21:37:33-07:00,12,26
index.html,183,html,70373dc8,TristanRoman,2025-10-03,21:37:33,-07:00,2025-10-03T21:37:33-07:00,10,2
index.html,184,html,70373dc8,TristanRoman,2025-10-03,21:37:33,-07:00,2025-10-03T21:37:33-07:00,8,4
index.html,185,html,70373dc8,TristanRoman,2025-10-03,21:37:33,-07:00,2025-10-03T21:37:33-07:00,6,4
index.html,186,html,70373dc8,TristanRoman,2025-10-03,21:37:33,-07:00,2025-10-03T21:37:33-07:00,6,45
index.html,187,html,70373dc8,TristanRoman,2025-10-03,21:37:33,-07:00,2025-10-03T21:37:33-07:00,8,2
index.html,188,html,70373dc8,TristanRoman,2025-10-03,21:37:33,-07:00,2025-10-03T21:37:33-07:00,10,30
index.html,189,html,70373dc8,TristanRoman,2025-10-03,21:37:33,-07:00,2025-10-03T21:37:33-07:00,10,24
index.html,190,html,70373dc8,TristanRoman,2025-10-03,21:37:33,-07:00,2025-10-03T21:37:33-07:00,10,33
index.html,191,html,70373dc8,TristanRoman,2025-10-03,21:37:33,-07:00,2025-10-03T21:37:33-07:00,10,20
index.html,192,html,70373dc8,TristanRoman,2025-10-03,21:37:33,-07:00,2025-10-03T21:37:33-07:00,6,4
index.html,193,html,70373dc8,TristanRoman,2025-10-03,21:37:33,-07:00,2025-10-03T21:37:33-07:00,4,4
index.html,194,html,f326fb91,TristanRoman,2025-10-24,13:57:29,-07:00,2025-10-24T13:57:29-07:00,4,22
index.html,195,html,f326fb91,TristanRoman,2025-10-24,13:57:29,-07:00,2025-10-24T13:57:29-07:00,4,53
index.html,196,html,f326fb91,TristanRoman,2025-10-24,13:57:29,-07:00,2025-10-24T13:57:29-07:00,0,0
index.html,197,html,f326fb91,TristanRoman,2025-10-24,13:57:29,-07:00,2025-10-24T13:57:29-07:00,4,47
index.html,198,html,f326fb91,TristanRoman,2025-10-24,13:57:29,-07:00,2025-10-24T13:57:29-07:00,4,59
index.html,199,html,f326fb91,TristanRoman,2025-10-24,13:57:29,-07:00,2025-10-24T13:57:29-07:00,4,20
index.html,200,html,f326fb91,TristanRoman,2025-10-24,13:57:29,-07:00,2025-10-24T13:57:29-07:00,4,28
index.html,201,html,f326fb91,TristanRoman,2025-10-24,13:57:29,-07:00,2025-10-24T13:57:29-07:00,0,0
index.html,202,html,70373dc8,TristanRoman,2025-10-03,21:37:33,-07:00,2025-10-03T21:37:33-07:00,2,5
index.html,203,html,f326fb91,TristanRoman,2025-10-24,13:57:29,-07:00,2025-10-24T13:57:29-07:00,2,0
index.html,204,html,e340d821,TristanRoman,2025-10-03,21:20:30,-07:00,2025-10-03T21:20:30-07:00,0,5
index.html,205,html,e340d821,TristanRoman,2025-10-03,21:20:30,-07:00,2025-10-03T21:20:30-07:00,0,5
global.js,1,js,7596450e,TristanRoman,2025-10-17,16:24:06,-07:00,2025-10-17T16:24:06-07:00,0,0
global.js,2,js,7596450e,TristanRoman,2025-10-17,16:24:06,-07:00,2025-10-17T16:24:06-07:00,0,25
global.js,3,js,7596450e,TristanRoman,2025-10-17,16:24:06,-07:00,2025-10-17T16:24:06-07:00,0,0
global.js,4,js,c9af9eaa,TristanRoman,2025-10-31,17:57:54,-07:00,2025-10-31T17:57:54-07:00,0,0
global.js,5,js,7596450e,TristanRoman,2025-10-17,16:24:06,-07:00,2025-10-17T16:24:06-07:00,0,0
global.js,6,js,7596450e,TristanRoman,2025-10-17,16:24:06,-07:00,2025-10-17T16:24:06-07:00,0,13
global.js,7,js,7596450e,TristanRoman,2025-10-17,16:24:06,-07:00,2025-10-17T16:24:06-07:00,1,44
global.js,8,js,7596450e,TristanRoman,2025-10-17,16:24:06,-07:00,2025-10-17T16:24:06-07:00,1,46
global.js,9,js,7596450e,TristanRoman,2025-10-17,16:24:06,-07:00,2025-10-17T16:24:06-07:00,1,52
global.js,10,js,7596450e,TristanRoman,2025-10-17,16:24:06,-07:00,2025-10-17T16:24:06-07:00,1,52
global.js,11,js,7596450e,TristanRoman,2025-10-17,16:24:06,-07:00,2025-10-17T16:24:06-07:00,1,68
global.js,12,js,7596450e,TristanRoman,2025-10-17,16:24:06,-07:00,2025-10-17T16:24:06-07:00,1,50
global.js,13,js,c8d97e05,TristanRoman,2025-10-24,16:24:09,-07:00,2025-10-24T16:24:09-07:00,1,49
global.js,14,js,d305142f,TristanRoman,2025-11-07,19:14:14,-08:00,2025-11-07T19:14:14-08:00,1,39
global.js,15,js,7596450e,TristanRoman,2025-10-17,16:24:06,-07:00,2025-10-17T16:24:06-07:00,0,0
global.js,16,js,7596450e,TristanRoman,2025-10-17,16:24:06,-07:00,2025-10-17T16:24:06-07:00,0,0
global.js,17,js,7596450e,TristanRoman,2025-10-17,16:24:06,-07:00,2025-10-17T16:24:06-07:00,0,32
global.js,18,js,7596450e,TristanRoman,2025-10-17,16:24:06,-07:00,2025-10-17T16:24:06-07:00,0,15
global.js,19,js,7596450e,TristanRoman,2025-10-17,16:24:06,-07:00,2025-10-17T16:24:06-07:00,1,68
global.js,20,js,7596450e,TristanRoman,2025-10-17,16:24:06,-07:00,2025-10-17T16:24:06-07:00,2,42
global.js,21,js,c9af9eaa,TristanRoman,2025-10-31,17:57:54,-07:00,2025-10-31T17:57:54-07:00,2,49
global.js,22,js,7596450e,TristanRoman,2025-10-17,16:24:06,-07:00,2025-10-17T16:24:06-07:00,0,0
global.js,23,js,7596450e,TristanRoman,2025-10-17,16:24:06,-07:00,2025-10-17T16:24:06-07:00,0,47
global.js,24,js,7596450e,TristanRoman,2025-10-17,16:24:06,-07:00,2025-10-17T16:24:06-07:00,0,40
global.js,25,js,7596450e,TristanRoman,2025-10-17,16:24:06,-07:00,2025-10-17T16:24:06-07:00,0,23
global.js,26,js,7596450e,TristanRoman,2025-10-17,16:24:06,-07:00,2025-10-17T16:24:06-07:00,0,25
global.js,27,js,7596450e,TristanRoman,2025-10-17,16:24:06,-07:00,2025-10-17T16:24:06-07:00,0,0
global.js,28,js,7596450e,TristanRoman,2025-10-17,16:24:06,-07:00,2025-10-17T16:24:06-07:00,0,12
global.js,29,js,7596450e,TristanRoman,2025-10-17,16:24:06,-07:00,2025-10-17T16:24:06-07:00,0,22
global.js,30,js,7596450e,TristanRoman,2025-10-17,16:24:06,-07:00,2025-10-17T16:24:06-07:00,1,15
global.js,31,js,7596450e,TristanRoman,2025-10-17,16:24:06,-07:00,2025-10-17T16:24:06-07:00,1,77
global.js,32,js,7596450e,TristanRoman,2025-10-17,16:24:06,-07:00,2025-10-17T16:24:06-07:00,0,0
global.js,33,js,7596450e,TristanRoman,2025-10-17,16:24:06,-07:00,2025-10-17T16:24:06-07:00,1,36
global.js,34,js,7596450e,TristanRoman,2025-10-17,16:24:06,-07:00,2025-10-17T16:24:06-07:00,1,12
global.js,35,js,7596450e,TristanRoman,2025-10-17,16:24:06,-07:00,2025-10-17T16:24:06-07:00,1,22
global.js,36,js,7596450e,TristanRoman,2025-10-17,16:24:06,-07:00,2025-10-17T16:24:06-07:00,0,0
global.js,37,js,7596450e,TristanRoman,2025-10-17,16:24:06,-07:00,2025-10-17T16:24:06-07:00,1,33
global.js,38,js,7596450e,TristanRoman,2025-10-17,16:24:06,-07:00,2025-10-17T16:24:06-07:00,1,40
global.js,39,js,7596450e,TristanRoman,2025-10-17,16:24:06,-07:00,2025-10-17T16:24:06-07:00,2,18
global.js,40,js,7596450e,TristanRoman,2025-10-17,16:24:06,-07:00,2025-10-17T16:24:06-07:00,2,28
global.js,41,js,7596450e,TristanRoman,2025-10-17,16:24:06,-07:00,2025-10-17T16:24:06-07:00,1,0
global.js,42,js,7596450e,TristanRoman,2025-10-17,16:24:06,-07:00,2025-10-17T16:24:06-07:00,0,0
global.js,43,js,7596450e,TristanRoman,2025-10-17,16:24:06,-07:00,2025-10-17T16:24:06-07:00,1,23
global.js,44,js,7596450e,TristanRoman,2025-10-17,16:24:06,-07:00,2025-10-17T16:24:06-07:00,1,17
global.js,45,js,7596450e,TristanRoman,2025-10-17,16:24:06,-07:00,2025-10-17T16:24:06-07:00,2,8
global.js,46,js,7596450e,TristanRoman,2025-10-17,16:24:06,-07:00,2025-10-17T16:24:06-07:00,2,58
global.js,47,js,7596450e,TristanRoman,2025-10-17,16:24:06,-07:00,2025-10-17T16:24:06-07:00,1,0
global.js,48,js,7596450e,TristanRoman,2025-10-17,16:24:06,-07:00,2025-10-17T16:24:06-07:00,0,0
global.js,49,js,7596450e,TristanRoman,2025-10-17,16:24:06,-07:00,2025-10-17T16:24:06-07:00,1,12
global.js,50,js,7596450e,TristanRoman,2025-10-17,16:24:06,-07:00,2025-10-17T16:24:06-07:00,0,0
global.js,51,js,7596450e,TristanRoman,2025-10-17,16:24:06,-07:00,2025-10-17T16:24:06-07:00,0,0
global.js,52,js,7596450e,TristanRoman,2025-10-17,16:24:06,-07:00,2025-10-17T16:24:06-07:00,0,47
global.js,53,js,7596450e,TristanRoman,2025-10-17,16:24:06,-07:00,2025-10-17T16:24:06-07:00,0,16
global.js,54,js,7596450e,TristanRoman,2025-10-17,16:24:06,-07:00,2025-10-17T16:24:06-07:00,1,46
global.js,55,js,7596450e,TristanRoman,2025-10-17,16:24:06,-07:00,2025-10-17T16:24:06-07:00,2,4
global.js,56,js,7596450e,TristanRoman,2025-10-17,16:24:06,-07:00,2025-10-17T16:24:06-07:00,2,31
global.js,57,js,7596450e,TristanRoman,2025-10-17,16:24:06,-07:00,2025-10-17T16:24:06-07:00,3,43
global.js,58,js,7596450e,TristanRoman,2025-10-17,16:24:06,-07:00,2025-10-17T16:24:06-07:00,3,34
global.js,59,js,7596450e,TristanRoman,2025-10-17,16:24:06,-07:00,2025-10-17T16:24:06-07:00,3,32
global.js,60,js,7596450e,TristanRoman,2025-10-17,16:24:06,-07:00,2025-10-17T16:24:06-07:00,2,7
global.js,61,js,7596450e,TristanRoman,2025-10-17,16:24:06,-07:00,2025-10-17T16:24:06-07:00,1,6
global.js,62,js,7596450e,TristanRoman,2025-10-17,16:24:06,-07:00,2025-10-17T16:24:06-07:00,0,0
global.js,63,js,7596450e,TristanRoman,2025-10-17,16:24:06,-07:00,2025-10-17T16:24:06-07:00,0,44
global.js,64,js,7596450e,TristanRoman,2025-10-17,16:24:06,-07:00,2025-10-17T16:24:06-07:00,0,0
global.js,65,js,7596450e,TristanRoman,2025-10-17,16:24:06,-07:00,2025-10-17T16:24:06-07:00,0,60
global.js,66,js,7596450e,TristanRoman,2025-10-17,16:24:06,-07:00,2025-10-17T16:24:06-07:00,0,0
global.js,67,js,7596450e,TristanRoman,2025-10-17,16:24:06,-07:00,2025-10-17T16:24:06-07:00,0,30
global.js,68,js,7596450e,TristanRoman,2025-10-17,16:24:06,-07:00,2025-10-17T16:24:06-07:00,1,64
global.js,69,js,7596450e,TristanRoman,2025-10-17,16:24:06,-07:00,2025-10-17T16:24:06-07:00,1,31
global.js,70,js,7596450e,TristanRoman,2025-10-17,16:24:06,-07:00,2025-10-17T16:24:06-07:00,0,0
global.js,71,js,7596450e,TristanRoman,2025-10-17,16:24:06,-07:00,2025-10-17T16:24:06-07:00,0,37
global.js,72,js,7596450e,TristanRoman,2025-10-17,16:24:06,-07:00,2025-10-17T16:24:06-07:00,0,36
global.js,73,js,7596450e,TristanRoman,2025-10-17,16:24:06,-07:00,2025-10-17T16:24:06-07:00,0,22
global.js,74,js,7596450e,TristanRoman,2025-10-17,16:24:06,-07:00,2025-10-17T16:24:06-07:00,0,21
global.js,75,js,7596450e,TristanRoman,2025-10-17,16:24:06,-07:00,2025-10-17T16:24:06-07:00,0,70
global.js,76,js,7596450e,TristanRoman,2025-10-17,16:24:06,-07:00,2025-10-17T16:24:06-07:00,0,0
global.js,77,js,c9af9eaa,TristanRoman,2025-10-31,17:57:54,-07:00,2025-10-31T17:57:54-07:00,0,51
global.js,78,js,c9af9eaa,TristanRoman,2025-10-31,17:57:54,-07:00,2025-10-31T17:57:54-07:00,0,0
global.js,79,js,f326fb91,TristanRoman,2025-10-24,13:57:29,-07:00,2025-10-24T13:57:29-07:00,0,36
global.js,80,js,f326fb91,TristanRoman,2025-10-24,13:57:29,-07:00,2025-10-24T13:57:29-07:00,1,3
global.js,81,js,f326fb91,TristanRoman,2025-10-24,13:57:29,-07:00,2025-10-24T13:57:29-07:00,2,32
global.js,82,js,f326fb91,TristanRoman,2025-10-24,13:57:29,-07:00,2025-10-24T13:57:29-07:00,2,84
global.js,83,js,f326fb91,TristanRoman,2025-10-24,13:57:29,-07:00,2025-10-24T13:57:29-07:00,2,27
global.js,84,js,f326fb91,TristanRoman,2025-10-24,13:57:29,-07:00,2025-10-24T13:57:29-07:00,1,13
global.js,85,js,f326fb91,TristanRoman,2025-10-24,13:57:29,-07:00,2025-10-24T13:57:29-07:00,2,57
global.js,86,js,f326fb91,TristanRoman,2025-10-24,13:57:29,-07:00,2025-10-24T13:57:29-07:00,2,8
global.js,87,js,f326fb91,TristanRoman,2025-10-24,13:57:29,-07:00,2025-10-24T13:57:29-07:00,1,0
global.js,88,js,f326fb91,TristanRoman,2025-10-24,13:57:29,-07:00,2025-10-24T13:57:29-07:00,0,0
global.js,89,js,f326fb91,TristanRoman,2025-10-24,13:57:29,-07:00,2025-10-24T13:57:29-07:00,0,0
global.js,90,js,c9af9eaa,TristanRoman,2025-10-31,17:57:54,-07:00,2025-10-31T17:57:54-07:00,0,1
global.js,91,js,c9af9eaa,TristanRoman,2025-10-31,17:57:54,-07:00,2025-10-31T17:57:54-07:00,0,87
global.js,92,js,c9af9eaa,TristanRoman,2025-10-31,17:57:54,-07:00,2025-10-31T17:57:54-07:00,0,48
global.js,93,js,c9af9eaa,TristanRoman,2025-10-31,17:57:54,-07:00,2025-10-31T17:57:54-07:00,0,31
global.js,94,js,c9af9eaa,TristanRoman,2025-10-31,17:57:54,-07:00,2025-10-31T17:57:54-07:00,0,74
global.js,95,js,c9af9eaa,TristanRoman,2025-10-31,17:57:54,-07:00,2025-10-31T17:57:54-07:00,0,47
global.js,96,js,c9af9eaa,TristanRoman,2025-10-31,17:57:54,-07:00,2025-10-31T17:57:54-07:00,0,0
global.js,97,js,f326fb91,TristanRoman,2025-10-24,13:57:29,-07:00,2025-10-24T13:57:29-07:00,0,72
global.js,98,js,f326fb91,TristanRoman,2025-10-24,13:57:29,-07:00,2025-10-24T13:57:29-07:00,1,21
global.js,99,js,f326fb91,TristanRoman,2025-10-24,13:57:29,-07:00,2025-10-24T13:57:29-07:00,0,0
global.js,100,js,c9af9eaa,TristanRoman,2025-10-31,17:57:54,-07:00,2025-10-31T17:57:54-07:00,1,61
global.js,101,js,c9af9eaa,TristanRoman,2025-10-31,17:57:54,-07:00,2025-10-31T17:57:54-07:00,1,40
global.js,102,js,c9af9eaa,TristanRoman,2025-10-31,17:57:54,-07:00,2025-10-31T17:57:54-07:00,2,9
global.js,103,js,c9af9eaa,TristanRoman,2025-10-31,17:57:54,-07:00,2025-10-31T17:57:54-07:00,2,40
global.js,104,js,c9af9eaa,TristanRoman,2025-10-31,17:57:54,-07:00,2025-10-31T17:57:54-07:00,0,0
global.js,105,js,c9af9eaa,TristanRoman,2025-10-31,17:57:54,-07:00,2025-10-31T17:57:54-07:00,1,55
global.js,106,js,c9af9eaa,TristanRoman,2025-10-31,17:57:54,-07:00,2025-10-31T17:57:54-07:00,1,8
global.js,107,js,c9af9eaa,TristanRoman,2025-10-31,17:57:54,-07:00,2025-10-31T17:57:54-07:00,2,32
global.js,108,js,c9af9eaa,TristanRoman,2025-10-31,17:57:54,-07:00,2025-10-31T17:57:54-07:00,2,25
global.js,109,js,c9af9eaa,TristanRoman,2025-10-31,17:57:54,-07:00,2025-10-31T17:57:54-07:00,2,24
global.js,110,js,c9af9eaa,TristanRoman,2025-10-31,17:57:54,-07:00,2025-10-31T17:57:54-07:00,1,0
global.js,111,js,f326fb91,TristanRoman,2025-10-24,13:57:29,-07:00,2025-10-24T13:57:29-07:00,0,0
global.js,112,js,c9af9eaa,TristanRoman,2025-10-31,17:57:54,-07:00,2025-10-31T17:57:54-07:00,1,23
global.js,113,js,f326fb91,TristanRoman,2025-10-24,13:57:29,-07:00,2025-10-24T13:57:29-07:00,1,16
global.js,114,js,f326fb91,TristanRoman,2025-10-24,13:57:29,-07:00,2025-10-24T13:57:29-07:00,0,0
global.js,115,js,c9af9eaa,TristanRoman,2025-10-31,17:57:54,-07:00,2025-10-31T17:57:54-07:00,1,31
global.js,116,js,f326fb91,TristanRoman,2025-10-24,13:57:29,-07:00,2025-10-24T13:57:29-07:00,2,38
global.js,117,js,c9af9eaa,TristanRoman,2025-10-31,17:57:54,-07:00,2025-10-31T17:57:54-07:00,0,0
global.js,118,js,c9af9eaa,TristanRoman,2025-10-31,17:57:54,-07:00,2025-10-31T17:57:54-07:00,2,24
global.js,119,js,c9af9eaa,TristanRoman,2025-10-31,17:57:54,-07:00,2025-10-31T17:57:54-07:00,2,14
global.js,120,js,c9af9eaa,TristanRoman,2025-10-31,17:57:54,-07:00,2025-10-31T17:57:54-07:00,3,38
global.js,121,js,c9af9eaa,TristanRoman,2025-10-31,17:57:54,-07:00,2025-10-31T17:57:54-07:00,3,25
global.js,122,js,c9af9eaa,TristanRoman,2025-10-31,17:57:54,-07:00,2025-10-31T17:57:54-07:00,3,17
global.js,123,js,c9af9eaa,TristanRoman,2025-10-31,17:57:54,-07:00,2025-10-31T17:57:54-07:00,2,0
global.js,124,js,c9af9eaa,TristanRoman,2025-10-31,17:57:54,-07:00,2025-10-31T17:57:54-07:00,0,0
global.js,125,js,c9af9eaa,TristanRoman,2025-10-31,17:57:54,-07:00,2025-10-31T17:57:54-07:00,2,6
global.js,126,js,c9af9eaa,TristanRoman,2025-10-31,17:57:54,-07:00,2025-10-31T17:57:54-07:00,2,49
global.js,127,js,c9af9eaa,TristanRoman,2025-10-31,17:57:54,-07:00,2025-10-31T17:57:54-07:00,2,32
global.js,128,js,c9af9eaa,TristanRoman,2025-10-31,17:57:54,-07:00,2025-10-31T17:57:54-07:00,2,32
global.js,129,js,c9af9eaa,TristanRoman,2025-10-31,17:57:54,-07:00,2025-10-31T17:57:54-07:00,2,20
global.js,130,js,c9af9eaa,TristanRoman,2025-10-31,17:57:54,-07:00,2025-10-31T17:57:54-07:00,0,0
global.js,131,js,c9af9eaa,TristanRoman,2025-10-31,17:57:54,-07:00,2025-10-31T17:57:54-07:00,2,12
global.js,132,js,c9af9eaa,TristanRoman,2025-10-31,17:57:54,-07:00,2025-10-31T17:57:54-07:00,2,39
global.js,133,js,c9af9eaa,TristanRoman,2025-10-31,17:57:54,-07:00,2025-10-31T17:57:54-07:00,2,30
global.js,134,js,c9af9eaa,TristanRoman,2025-10-31,17:57:54,-07:00,2025-10-31T17:57:54-07:00,2,37
global.js,135,js,c9af9eaa,TristanRoman,2025-10-31,17:57:54,-07:00,2025-10-31T17:57:54-07:00,2,19
global.js,136,js,c9af9eaa,TristanRoman,2025-10-31,17:57:54,-07:00,2025-10-31T17:57:54-07:00,0,0
global.js,137,js,c9af9eaa,TristanRoman,2025-10-31,17:57:54,-07:00,2025-10-31T17:57:54-07:00,2,5
global.js,138,js,c9af9eaa,TristanRoman,2025-10-31,17:57:54,-07:00,2025-10-31T17:57:54-07:00,2,11
global.js,139,js,c9af9eaa,TristanRoman,2025-10-31,17:57:54,-07:00,2025-10-31T17:57:54-07:00,3,37
global.js,140,js,c9af9eaa,TristanRoman,2025-10-31,17:57:54,-07:00,2025-10-31T17:57:54-07:00,3,28
global.js,141,js,c9af9eaa,TristanRoman,2025-10-31,17:57:54,-07:00,2025-10-31T17:57:54-07:00,3,66
global.js,142,js,c9af9eaa,TristanRoman,2025-10-31,17:57:54,-07:00,2025-10-31T17:57:54-07:00,3,30
global.js,143,js,c9af9eaa,TristanRoman,2025-10-31,17:57:54,-07:00,2025-10-31T17:57:54-07:00,3,17
global.js,144,js,c9af9eaa,TristanRoman,2025-10-31,17:57:54,-07:00,2025-10-31T17:57:54-07:00,2,0
global.js,145,js,c9af9eaa,TristanRoman,2025-10-31,17:57:54,-07:00,2025-10-31T17:57:54-07:00,0,0
global.js,146,js,c9af9eaa,TristanRoman,2025-10-31,17:57:54,-07:00,2025-10-31T17:57:54-07:00,2,39
global.js,147,js,c9af9eaa,TristanRoman,2025-10-31,17:57:54,-07:00,2025-10-31T17:57:54-07:00,2,31
global.js,148,js,c9af9eaa,TristanRoman,2025-10-31,17:57:54,-07:00,2025-10-31T17:57:54-07:00,2,13
global.js,149,js,c9af9eaa,TristanRoman,2025-10-31,17:57:54,-07:00,2025-10-31T17:57:54-07:00,3,36
global.js,150,js,c9af9eaa,TristanRoman,2025-10-31,17:57:54,-07:00,2025-10-31T17:57:54-07:00,3,16
global.js,151,js,c9af9eaa,TristanRoman,2025-10-31,17:57:54,-07:00,2025-10-31T17:57:54-07:00,3,18
global.js,152,js,c9af9eaa,TristanRoman,2025-10-31,17:57:54,-07:00,2025-10-31T17:57:54-07:00,3,28
global.js,153,js,c9af9eaa,TristanRoman,2025-10-31,17:57:54,-07:00,2025-10-31T17:57:54-07:00,3,27
global.js,154,js,c9af9eaa,TristanRoman,2025-10-31,17:57:54,-07:00,2025-10-31T17:57:54-07:00,3,21
global.js,155,js,c9af9eaa,TristanRoman,2025-10-31,17:57:54,-07:00,2025-10-31T17:57:54-07:00,3,16
global.js,156,js,c9af9eaa,TristanRoman,2025-10-31,17:57:54,-07:00,2025-10-31T17:57:54-07:00,2,0
global.js,157,js,c9af9eaa,TristanRoman,2025-10-31,17:57:54,-07:00,2025-10-31T17:57:54-07:00,0,0
global.js,158,js,f326fb91,TristanRoman,2025-10-24,13:57:29,-07:00,2025-10-24T13:57:29-07:00,2,17
global.js,159,js,f326fb91,TristanRoman,2025-10-24,13:57:29,-07:00,2025-10-24T13:57:29-07:00,1,1
global.js,160,js,f326fb91,TristanRoman,2025-10-24,13:57:29,-07:00,2025-10-24T13:57:29-07:00,0,0
global.js,161,js,c9af9eaa,TristanRoman,2025-10-31,17:57:54,-07:00,2025-10-31T17:57:54-07:00,0,0
global.js,162,js,f326fb91,TristanRoman,2025-10-24,13:57:29,-07:00,2025-10-24T13:57:29-07:00,0,30
global.js,163,js,f326fb91,TristanRoman,2025-10-24,13:57:29,-07:00,2025-10-24T13:57:29-07:00,0,47
global.js,164,js,f326fb91,TristanRoman,2025-10-24,13:57:29,-07:00,2025-10-24T13:57:29-07:00,1,79
global.js,165,js,f326fb91,TristanRoman,2025-10-24,13:57:29,-07:00,2025-10-24T13:57:29-07:00,0,0
global.js,166,js,f326fb91,TristanRoman,2025-10-24,13:57:29,-07:00,2025-10-24T13:57:29-07:00,0,0
global.js,167,js,c9af9eaa,TristanRoman,2025-10-31,17:57:54,-07:00,2025-10-31T17:57:54-07:00,0,33
future_goals.html,1,html,258d3a03,TristanRoman,2025-10-03,21:43:27,-07:00,2025-10-03T21:43:27-07:00,0,13
future_goals.html,2,html,258d3a03,TristanRoman,2025-10-03,21:43:27,-07:00,2025-10-03T21:43:27-07:00,0,14
future_goals.html,3,html,258d3a03,TristanRoman,2025-10-03,21:43:27,-07:00,2025-10-03T21:43:27-07:00,0,4
future_goals.html,4,html,258d3a03,TristanRoman,2025-10-03,21:43:27,-07:00,2025-10-03T21:43:27-07:00,2,20
future_goals.html,5,html,258d3a03,TristanRoman,2025-10-03,21:43:27,-07:00,2025-10-03T21:43:27-07:00,2,51
future_goals.html,6,html,258d3a03,TristanRoman,2025-10-03,21:43:27,-07:00,2025-10-03T21:43:27-07:00,2,68
future_goals.html,7,html,258d3a03,TristanRoman,2025-10-03,21:43:27,-07:00,2025-10-03T21:43:27-07:00,2,25
future_goals.html,8,html,258d3a03,TristanRoman,2025-10-03,21:43:27,-07:00,2025-10-03T21:43:27-07:00,2,45
future_goals.html,9,html,258d3a03,TristanRoman,2025-10-03,21:43:27,-07:00,2025-10-03T21:43:27-07:00,2,47
future_goals.html,10,html,258d3a03,TristanRoman,2025-10-03,21:43:27,-07:00,2025-10-03T21:43:27-07:00,0,5
future_goals.html,11,html,258d3a03,TristanRoman,2025-10-03,21:43:27,-07:00,2025-10-03T21:43:27-07:00,0,4
future_goals.html,12,html,258d3a03,TristanRoman,2025-10-03,21:43:27,-07:00,2025-10-03T21:43:27-07:00,2,6
future_goals.html,13,html,7596450e,TristanRoman,2025-10-17,16:24:06,-07:00,2025-10-17T16:24:06-07:00,4,36
future_goals.html,14,html,258d3a03,TristanRoman,2025-10-03,21:43:27,-07:00,2025-10-03T21:43:27-07:00,6,29
future_goals.html,15,html,258d3a03,TristanRoman,2025-10-03,21:43:27,-07:00,2025-10-03T21:43:27-07:00,6,32
future_goals.html,16,html,258d3a03,TristanRoman,2025-10-03,21:43:27,-07:00,2025-10-03T21:43:27-07:00,6,43
future_goals.html,17,html,258d3a03,TristanRoman,2025-10-03,21:43:27,-07:00,2025-10-03T21:43:27-07:00,6,44
future_goals.html,18,html,7dd2dc16,TristanRoman,2025-10-10,22:09:19,-07:00,2025-10-10T22:09:19-07:00,6,60
future_goals.html,19,html,3c05de95,TristanRoman,2025-10-03,23:37:22,-07:00,2025-10-03T23:37:22-07:00,6,45
future_goals.html,20,html,7596450e,TristanRoman,2025-10-17,16:24:06,-07:00,2025-10-17T16:24:06-07:00,4,25
future_goals.html,21,html,258d3a03,TristanRoman,2025-10-03,21:43:27,-07:00,2025-10-03T21:43:27-07:00,2,7
future_goals.html,22,html,258d3a03,TristanRoman,2025-10-03,21:43:27,-07:00,2025-10-03T21:43:27-07:00,2,4
future_goals.html,23,html,258d3a03,TristanRoman,2025-10-03,21:43:27,-07:00,2025-10-03T21:43:27-07:00,4,76
future_goals.html,24,html,258d3a03,TristanRoman,2025-10-03,21:43:27,-07:00,2025-10-03T21:43:27-07:00,6,39
future_goals.html,25,html,258d3a03,TristanRoman,2025-10-03,21:43:27,-07:00,2025-10-03T21:43:27-07:00,4,4
future_goals.html,26,html,258d3a03,TristanRoman,2025-10-03,21:43:27,-07:00,2025-10-03T21:43:27-07:00,0,0
future_goals.html,27,html,258d3a03,TristanRoman,2025-10-03,21:43:27,-07:00,2025-10-03T21:43:27-07:00,4,73
future_goals.html,28,html,258d3a03,TristanRoman,2025-10-03,21:43:27,-07:00,2025-10-03T21:43:27-07:00,6,77
future_goals.html,29,html,258d3a03,TristanRoman,2025-10-03,21:43:27,-07:00,2025-10-03T21:43:27-07:00,0,0
future_goals.html,30,html,258d3a03,TristanRoman,2025-10-03,21:43:27,-07:00,2025-10-03T21:43:27-07:00,4,20
future_goals.html,31,html,258d3a03,TristanRoman,2025-10-03,21:43:27,-07:00,2025-10-03T21:43:27-07:00,6,26
future_goals.html,32,html,258d3a03,TristanRoman,2025-10-03,21:43:27,-07:00,2025-10-03T21:43:27-07:00,7,57
future_goals.html,33,html,258d3a03,TristanRoman,2025-10-03,21:43:27,-07:00,2025-10-03T21:43:27-07:00,7,19
future_goals.html,34,html,7dd2dc16,TristanRoman,2025-10-10,22:09:19,-07:00,2025-10-10T22:09:19-07:00,8,51
future_goals.html,35,html,258d3a03,TristanRoman,2025-10-03,21:43:27,-07:00,2025-10-03T21:43:27-07:00,8,37
future_goals.html,36,html,7dd2dc16,TristanRoman,2025-10-10,22:09:19,-07:00,2025-10-10T22:09:19-07:00,9,62
future_goals.html,37,html,258d3a03,TristanRoman,2025-10-03,21:43:27,-07:00,2025-10-03T21:43:27-07:00,8,2
future_goals.html,38,html,258d3a03,TristanRoman,2025-10-03,21:43:27,-07:00,2025-10-03T21:43:27-07:00,7,4
future_goals.html,39,html,258d3a03,TristanRoman,2025-10-03,21:43:27,-07:00,2025-10-03T21:43:27-07:00,6,38
future_goals.html,40,html,258d3a03,TristanRoman,2025-10-03,21:43:27,-07:00,2025-10-03T21:43:27-07:00,6,27
future_goals.html,41,html,258d3a03,TristanRoman,2025-10-03,21:43:27,-07:00,2025-10-03T21:43:27-07:00,7,29
future_goals.html,42,html,258d3a03,TristanRoman,2025-10-03,21:43:27,-07:00,2025-10-03T21:43:27-07:00,7,19
future_goals.html,43,html,7dd2dc16,TristanRoman,2025-10-10,22:09:19,-07:00,2025-10-10T22:09:19-07:00,8,15
future_goals.html,44,html,258d3a03,TristanRoman,2025-10-03,21:43:27,-07:00,2025-10-03T21:43:27-07:00,8,1
future_goals.html,45,html,7dd2dc16,TristanRoman,2025-10-10,22:09:19,-07:00,2025-10-10T22:09:19-07:00,9,56
future_goals.html,46,html,258d3a03,TristanRoman,2025-10-03,21:43:27,-07:00,2025-10-03T21:43:27-07:00,8,2
future_goals.html,47,html,258d3a03,TristanRoman,2025-10-03,21:43:27,-07:00,2025-10-03T21:43:27-07:00,7,4
future_goals.html,48,html,258d3a03,TristanRoman,2025-10-03,21:43:27,-07:00,2025-10-03T21:43:27-07:00,6,4
future_goals.html,49,html,258d3a03,TristanRoman,2025-10-03,21:43:27,-07:00,2025-10-03T21:43:27-07:00,6,26
future_goals.html,50,html,258d3a03,TristanRoman,2025-10-03,21:43:27,-07:00,2025-10-03T21:43:27-07:00,7,29
future_goals.html,51,html,258d3a03,TristanRoman,2025-10-03,21:43:27,-07:00,2025-10-03T21:43:27-07:00,7,19
future_goals.html,52,html,258d3a03,TristanRoman,2025-10-03,21:43:27,-07:00,2025-10-03T21:43:27-07:00,8,22
future_goals.html,53,html,258d3a03,TristanRoman,2025-10-03,21:43:27,-07:00,2025-10-03T21:43:27-07:00,8,1
future_goals.html,54,html,7dd2dc16,TristanRoman,2025-10-10,22:09:19,-07:00,2025-10-10T22:09:19-07:00,9,39
future_goals.html,55,html,258d3a03,TristanRoman,2025-10-03,21:43:27,-07:00,2025-10-03T21:43:27-07:00,8,2
future_goals.html,56,html,258d3a03,TristanRoman,2025-10-03,21:43:27,-07:00,2025-10-03T21:43:27-07:00,7,4
future_goals.html,57,html,258d3a03,TristanRoman,2025-10-03,21:43:27,-07:00,2025-10-03T21:43:27-07:00,6,4
future_goals.html,58,html,258d3a03,TristanRoman,2025-10-03,21:43:27,-07:00,2025-10-03T21:43:27-07:00,6,27
future_goals.html,59,html,258d3a03,TristanRoman,2025-10-03,21:43:27,-07:00,2025-10-03T21:43:27-07:00,7,29
future_goals.html,60,html,258d3a03,TristanRoman,2025-10-03,21:43:27,-07:00,2025-10-03T21:43:27-07:00,7,0
future_goals.html,61,html,258d3a03,TristanRoman,2025-10-03,21:43:27,-07:00,2025-10-03T21:43:27-07:00,7,19
future_goals.html,62,html,7dd2dc16,TristanRoman,2025-10-10,22:09:19,-07:00,2025-10-10T22:09:19-07:00,8,28
future_goals.html,63,html,258d3a03,TristanRoman,2025-10-03,21:43:27,-07:00,2025-10-03T21:43:27-07:00,8,1
future_goals.html,64,html,7dd2dc16,TristanRoman,2025-10-10,22:09:19,-07:00,2025-10-10T22:09:19-07:00,9,34
future_goals.html,65,html,258d3a03,TristanRoman,2025-10-03,21:43:27,-07:00,2025-10-03T21:43:27-07:00,8,2
future_goals.html,66,html,258d3a03,TristanRoman,2025-10-03,21:43:27,-07:00,2025-10-03T21:43:27-07:00,7,4
future_goals.html,67,html,258d3a03,TristanRoman,2025-10-03,21:43:27,-07:00,2025-10-03T21:43:27-07:00,6,4
future_goals.html,68,html,258d3a03,TristanRoman,2025-10-03,21:43:27,-07:00,2025-10-03T21:43:27-07:00,6,26
future_goals.html,69,html,258d3a03,TristanRoman,2025-10-03,21:43:27,-07:00,2025-10-03T21:43:27-07:00,7,29
future_goals.html,70,html,258d3a03,TristanRoman,2025-10-03,21:43:27,-07:00,2025-10-03T21:43:27-07:00,7,0
future_goals.html,71,html,258d3a03,TristanRoman,2025-10-03,21:43:27,-07:00,2025-10-03T21:43:27-07:00,7,19
future_goals.html,72,html,7dd2dc16,TristanRoman,2025-10-10,22:09:19,-07:00,2025-10-10T22:09:19-07:00,8,22
future_goals.html,73,html,258d3a03,TristanRoman,2025-10-03,21:43:27,-07:00,2025-10-03T21:43:27-07:00,8,1
future_goals.html,74,html,7dd2dc16,TristanRoman,2025-10-10,22:09:19,-07:00,2025-10-10T22:09:19-07:00,9,40
future_goals.html,75,html,258d3a03,TristanRoman,2025-10-03,21:43:27,-07:00,2025-10-03T21:43:27-07:00,8,2
future_goals.html,76,html,258d3a03,TristanRoman,2025-10-03,21:43:27,-07:00,2025-10-03T21:43:27-07:00,7,4
future_goals.html,77,html,258d3a03,TristanRoman,2025-10-03,21:43:27,-07:00,2025-10-03T21:43:27-07:00,6,4
future_goals.html,78,html,258d3a03,TristanRoman,2025-10-03,21:43:27,-07:00,2025-10-03T21:43:27-07:00,5,4
future_goals.html,79,html,258d3a03,TristanRoman,2025-10-03,21:43:27,-07:00,2025-10-03T21:43:27-07:00,2,5
future_goals.html,80,html,7596450e,TristanRoman,2025-10-17,16:24:06,-07:00,2025-10-17T16:24:06-07:00,2,47
future_goals.html,81,html,258d3a03,TristanRoman,2025-10-03,21:43:27,-07:00,2025-10-03T21:43:27-07:00,0,5
future_goals.html,82,html,258d3a03,TristanRoman,2025-10-03,21:43:27,-07:00,2025-10-03T21:43:27-07:00,0,5
future_goals.css,1,css,1826bbe1,TristanRoman,2025-10-03,22:12:37,-07:00,2025-10-03T22:12:37-07:00,0,151
future_goals.css,2,css,1826bbe1,TristanRoman,2025-10-03,22:12:37,-07:00,2025-10-03T22:12:37-07:00,0,0
future_goals.css,3,css,1826bbe1,TristanRoman,2025-10-03,22:12:37,-07:00,2025-10-03T22:12:37-07:00,0,8
future_goals.css,4,css,1826bbe1,TristanRoman,2025-10-03,22:12:37,-07:00,2025-10-03T22:12:37-07:00,0,8
future_goals.css,5,css,1826bbe1,TristanRoman,2025-10-03,22:12:37,-07:00,2025-10-03T22:12:37-07:00,1,21
future_goals.css,6,css,1826bbe1,TristanRoman,2025-10-03,22:12:37,-07:00,2025-10-03T22:12:37-07:00,0,0
future_goals.css,7,css,1826bbe1,TristanRoman,2025-10-03,22:12:37,-07:00,2025-10-03T22:12:37-07:00,0,0
future_goals.css,8,css,1826bbe1,TristanRoman,2025-10-03,22:12:37,-07:00,2025-10-03T22:12:37-07:00,0,57
future_goals.css,9,css,1826bbe1,TristanRoman,2025-10-03,22:12:37,-07:00,2025-10-03T22:12:37-07:00,0,9
future_goals.css,10,css,1826bbe1,TristanRoman,2025-10-03,22:12:37,-07:00,2025-10-03T22:12:37-07:00,2,12
future_goals.css,11,css,1826bbe1,TristanRoman,2025-10-03,22:12:37,-07:00,2025-10-03T22:12:37-07:00,2,28
future_goals.css,12,css,1826bbe1,TristanRoman,2025-10-03,22:12:37,-07:00,2025-10-03T22:12:37-07:00,2,23
future_goals.css,13,css,1826bbe1,TristanRoman,2025-10-03,22:12:37,-07:00,2025-10-03T22:12:37-07:00,2,118
future_goals.css,14,css,1826bbe1,TristanRoman,2025-10-03,22:12:37,-07:00,2025-10-03T22:12:37-07:00,2,21
future_goals.css,15,css,1826bbe1,TristanRoman,2025-10-03,22:12:37,-07:00,2025-10-03T22:12:37-07:00,2,18
future_goals.css,16,css,1826bbe1,TristanRoman,2025-10-03,22:12:37,-07:00,2025-10-03T22:12:37-07:00,2,41
future_goals.css,17,css,1826bbe1,TristanRoman,2025-10-03,22:12:37,-07:00,2025-10-03T22:12:37-07:00,0,0
future_goals.css,18,css,1826bbe1,TristanRoman,2025-10-03,22:12:37,-07:00,2025-10-03T22:12:37-07:00,0,0
future_goals.css,19,css,1826bbe1,TristanRoman,2025-10-03,22:12:37,-07:00,2025-10-03T22:12:37-07:00,0,0
future_goals.css,20,css,1826bbe1,TristanRoman,2025-10-03,22:12:37,-07:00,2025-10-03T22:12:37-07:00,0,0
future_goals.css,21,css,1826bbe1,TristanRoman,2025-10-03,22:12:37,-07:00,2025-10-03T22:12:37-07:00,0,0
future_goals.css,22,css,1826bbe1,TristanRoman,2025-10-03,22:12:37,-07:00,2025-10-03T22:12:37-07:00,0,39
future_goals.css,23,css,1826bbe1,TristanRoman,2025-10-03,22:12:37,-07:00,2025-10-03T22:12:37-07:00,0,9
future_goals.css,24,css,1826bbe1,TristanRoman,2025-10-03,22:12:37,-07:00,2025-10-03T22:12:37-07:00,1,17
future_goals.css,25,css,1826bbe1,TristanRoman,2025-10-03,22:12:37,-07:00,2025-10-03T22:12:37-07:00,1,10
future_goals.css,26,css,1826bbe1,TristanRoman,2025-10-03,22:12:37,-07:00,2025-10-03T22:12:37-07:00,1,16
future_goals.css,27,css,1826bbe1,TristanRoman,2025-10-03,22:12:37,-07:00,2025-10-03T22:12:37-07:00,1,16
future_goals.css,28,css,1826bbe1,TristanRoman,2025-10-03,22:12:37,-07:00,2025-10-03T22:12:37-07:00,1,14
future_goals.css,29,css,1826bbe1,TristanRoman,2025-10-03,22:12:37,-07:00,2025-10-03T22:12:37-07:00,0,0
future_goals.css,30,css,1826bbe1,TristanRoman,2025-10-03,22:12:37,-07:00,2025-10-03T22:12:37-07:00,0,0
future_goals.css,31,css,1826bbe1,TristanRoman,2025-10-03,22:12:37,-07:00,2025-10-03T22:12:37-07:00,0,16
future_goals.css,32,css,1826bbe1,TristanRoman,2025-10-03,22:12:37,-07:00,2025-10-03T22:12:37-07:00,1,10
future_goals.css,33,css,1826bbe1,TristanRoman,2025-10-03,22:12:37,-07:00,2025-10-03T22:12:37-07:00,1,17
future_goals.css,34,css,1826bbe1,TristanRoman,2025-10-03,22:12:37,-07:00,2025-10-03T22:12:37-07:00,1,9
future_goals.css,35,css,1826bbe1,TristanRoman,2025-10-03,22:12:37,-07:00,2025-10-03T22:12:37-07:00,1,23
future_goals.css,36,css,1826bbe1,TristanRoman,2025-10-03,22:12:37,-07:00,2025-10-03T22:12:37-07:00,1,5
future_goals.css,37,css,1826bbe1,TristanRoman,2025-10-03,22:12:37,-07:00,2025-10-03T22:12:37-07:00,1,8
future_goals.css,38,css,1826bbe1,TristanRoman,2025-10-03,22:12:37,-07:00,2025-10-03T22:12:37-07:00,1,8
future_goals.css,39,css,1826bbe1,TristanRoman,2025-10-03,22:12:37,-07:00,2025-10-03T22:12:37-07:00,1,16
future_goals.css,40,css,1826bbe1,TristanRoman,2025-10-03,22:12:37,-07:00,2025-10-03T22:12:37-07:00,0,0
future_goals.css,41,css,1826bbe1,TristanRoman,2025-10-03,22:12:37,-07:00,2025-10-03T22:12:37-07:00,0,0
future_goals.css,42,css,1826bbe1,TristanRoman,2025-10-03,22:12:37,-07:00,2025-10-03T22:12:37-07:00,0,10
future_goals.css,43,css,1826bbe1,TristanRoman,2025-10-03,22:12:37,-07:00,2025-10-03T22:12:37-07:00,1,17
future_goals.css,44,css,1826bbe1,TristanRoman,2025-10-03,22:12:37,-07:00,2025-10-03T22:12:37-07:00,1,17
future_goals.css,45,css,1826bbe1,TristanRoman,2025-10-03,22:12:37,-07:00,2025-10-03T22:12:37-07:00,1,18
future_goals.css,46,css,1826bbe1,TristanRoman,2025-10-03,22:12:37,-07:00,2025-10-03T22:12:37-07:00,1,9
future_goals.css,47,css,1826bbe1,TristanRoman,2025-10-03,22:12:37,-07:00,2025-10-03T22:12:37-07:00,0,0
future_goals.css,48,css,1826bbe1,TristanRoman,2025-10-03,22:12:37,-07:00,2025-10-03T22:12:37-07:00,0,0
future_goals.css,49,css,1826bbe1,TristanRoman,2025-10-03,22:12:37,-07:00,2025-10-03T22:12:37-07:00,0,15
future_goals.css,50,css,1826bbe1,TristanRoman,2025-10-03,22:12:37,-07:00,2025-10-03T22:12:37-07:00,1,6
future_goals.css,51,css,1826bbe1,TristanRoman,2025-10-03,22:12:37,-07:00,2025-10-03T22:12:37-07:00,0,0
future_goals.css,52,css,1826bbe1,TristanRoman,2025-10-03,22:12:37,-07:00,2025-10-03T22:12:37-07:00,0,0
future_goals.css,53,css,1826bbe1,TristanRoman,2025-10-03,22:12:37,-07:00,2025-10-03T22:12:37-07:00,0,16
future_goals.css,54,css,1826bbe1,TristanRoman,2025-10-03,22:12:37,-07:00,2025-10-03T22:12:37-07:00,1,8
future_goals.css,55,css,1826bbe1,TristanRoman,2025-10-03,22:12:37,-07:00,2025-10-03T22:12:37-07:00,0,0
future_goals.css,56,css,1826bbe1,TristanRoman,2025-10-03,22:12:37,-07:00,2025-10-03T22:12:37-07:00,0,0
future_goals.css,57,css,1826bbe1,TristanRoman,2025-10-03,22:12:37,-07:00,2025-10-03T22:12:37-07:00,0,17
future_goals.css,58,css,1826bbe1,TristanRoman,2025-10-03,22:12:37,-07:00,2025-10-03T22:12:37-07:00,1,10
future_goals.css,59,css,1826bbe1,TristanRoman,2025-10-03,22:12:37,-07:00,2025-10-03T22:12:37-07:00,1,17
future_goals.css,60,css,1826bbe1,TristanRoman,2025-10-03,22:12:37,-07:00,2025-10-03T22:12:37-07:00,1,10
future_goals.css,61,css,1826bbe1,TristanRoman,2025-10-03,22:12:37,-07:00,2025-10-03T22:12:37-07:00,1,11
future_goals.css,62,css,1826bbe1,TristanRoman,2025-10-03,22:12:37,-07:00,2025-10-03T22:12:37-07:00,1,19
future_goals.css,63,css,1826bbe1,TristanRoman,2025-10-03,22:12:37,-07:00,2025-10-03T22:12:37-07:00,1,10
future_goals.css,64,css,1826bbe1,TristanRoman,2025-10-03,22:12:37,-07:00,2025-10-03T22:12:37-07:00,1,18
future_goals.css,65,css,1826bbe1,TristanRoman,2025-10-03,22:12:37,-07:00,2025-10-03T22:12:37-07:00,1,24
future_goals.css,66,css,1826bbe1,TristanRoman,2025-10-03,22:12:37,-07:00,2025-10-03T22:12:37-07:00,1,18
future_goals.css,67,css,1826bbe1,TristanRoman,2025-10-03,22:12:37,-07:00,2025-10-03T22:12:37-07:00,1,9
future_goals.css,68,css,1826bbe1,TristanRoman,2025-10-03,22:12:37,-07:00,2025-10-03T22:12:37-07:00,0,0
future_goals.css,69,css,1826bbe1,TristanRoman,2025-10-03,22:12:37,-07:00,2025-10-03T22:12:37-07:00,0,0
future_goals.css,70,css,1826bbe1,TristanRoman,2025-10-03,22:12:37,-07:00,2025-10-03T22:12:37-07:00,0,23
future_goals.css,71,css,1826bbe1,TristanRoman,2025-10-03,22:12:37,-07:00,2025-10-03T22:12:37-07:00,1,9
future_goals.css,72,css,1826bbe1,TristanRoman,2025-10-03,22:12:37,-07:00,2025-10-03T22:12:37-07:00,0,0
future_goals.css,73,css,1826bbe1,TristanRoman,2025-10-03,22:12:37,-07:00,2025-10-03T22:12:37-07:00,0,0
future_goals.css,74,css,1826bbe1,TristanRoman,2025-10-03,22:12:37,-07:00,2025-10-03T22:12:37-07:00,0,18
future_goals.css,75,css,1826bbe1,TristanRoman,2025-10-03,22:12:37,-07:00,2025-10-03T22:12:37-07:00,1,10
future_goals.css,76,css,1826bbe1,TristanRoman,2025-10-03,22:12:37,-07:00,2025-10-03T22:12:37-07:00,1,17
future_goals.css,77,css,1826bbe1,TristanRoman,2025-10-03,22:12:37,-07:00,2025-10-03T22:12:37-07:00,1,10
future_goals.css,78,css,1826bbe1,TristanRoman,2025-10-03,22:12:37,-07:00,2025-10-03T22:12:37-07:00,1,10
future_goals.css,79,css,1826bbe1,TristanRoman,2025-10-03,22:12:37,-07:00,2025-10-03T22:12:37-07:00,1,19
future_goals.css,80,css,1826bbe1,TristanRoman,2025-10-03,22:12:37,-07:00,2025-10-03T22:12:37-07:00,1,9
future_goals.css,81,css,1826bbe1,TristanRoman,2025-10-03,22:12:37,-07:00,2025-10-03T22:12:37-07:00,1,23
future_goals.css,82,css,1826bbe1,TristanRoman,2025-10-03,22:12:37,-07:00,2025-10-03T22:12:37-07:00,1,9
future_goals.css,83,css,1826bbe1,TristanRoman,2025-10-03,22:12:37,-07:00,2025-10-03T22:12:37-07:00,0,0
future_goals.css,84,css,1826bbe1,TristanRoman,2025-10-03,22:12:37,-07:00,2025-10-03T22:12:37-07:00,0,0
future_goals.css,85,css,1826bbe1,TristanRoman,2025-10-03,22:12:37,-07:00,2025-10-03T22:12:37-07:00,0,24
future_goals.css,86,css,1826bbe1,TristanRoman,2025-10-03,22:12:37,-07:00,2025-10-03T22:12:37-07:00,1,8
future_goals.css,87,css,1826bbe1,TristanRoman,2025-10-03,22:12:37,-07:00,2025-10-03T22:12:37-07:00,0,0
future_goals.css,88,css,1826bbe1,TristanRoman,2025-10-03,22:12:37,-07:00,2025-10-03T22:12:37-07:00,0,0
future_goals.css,89,css,1826bbe1,TristanRoman,2025-10-03,22:12:37,-07:00,2025-10-03T22:12:37-07:00,0,17
future_goals.css,90,css,1826bbe1,TristanRoman,2025-10-03,22:12:37,-07:00,2025-10-03T22:12:37-07:00,1,17
future_goals.css,91,css,1826bbe1,TristanRoman,2025-10-03,22:12:37,-07:00,2025-10-03T22:12:37-07:00,1,20
future_goals.css,92,css,1826bbe1,TristanRoman,2025-10-03,22:12:37,-07:00,2025-10-03T22:12:37-07:00,1,19
future_goals.css,93,css,1826bbe1,TristanRoman,2025-10-03,22:12:37,-07:00,2025-10-03T22:12:37-07:00,1,17
future_goals.css,94,css,1826bbe1,TristanRoman,2025-10-03,22:12:37,-07:00,2025-10-03T22:12:37-07:00,1,14
future_goals.css,95,css,1826bbe1,TristanRoman,2025-10-03,22:12:37,-07:00,2025-10-03T22:12:37-07:00,1,16
future_goals.css,96,css,1826bbe1,TristanRoman,2025-10-03,22:12:37,-07:00,2025-10-03T22:12:37-07:00,1,18
future_goals.css,97,css,1826bbe1,TristanRoman,2025-10-03,22:12:37,-07:00,2025-10-03T22:12:37-07:00,1,24
future_goals.css,98,css,1826bbe1,TristanRoman,2025-10-03,22:12:37,-07:00,2025-10-03T22:12:37-07:00,1,18
future_goals.css,99,css,1826bbe1,TristanRoman,2025-10-03,22:12:37,-07:00,2025-10-03T22:12:37-07:00,1,9
future_goals.css,100,css,1826bbe1,TristanRoman,2025-10-03,22:12:37,-07:00,2025-10-03T22:12:37-07:00,1,40
future_goals.css,101,css,1826bbe1,TristanRoman,2025-10-03,22:12:37,-07:00,2025-10-03T22:12:37-07:00,0,0
future_goals.css,102,css,1826bbe1,TristanRoman,2025-10-03,22:12:37,-07:00,2025-10-03T22:12:37-07:00,0,0
future_goals.css,103,css,1826bbe1,TristanRoman,2025-10-03,22:12:37,-07:00,2025-10-03T22:12:37-07:00,0,22
future_goals.css,104,css,1826bbe1,TristanRoman,2025-10-03,22:12:37,-07:00,2025-10-03T22:12:37-07:00,1,11
future_goals.css,105,css,1826bbe1,TristanRoman,2025-10-03,22:12:37,-07:00,2025-10-03T22:12:37-07:00,0,0
future_goals.css,106,css,1826bbe1,TristanRoman,2025-10-03,22:12:37,-07:00,2025-10-03T22:12:37-07:00,0,0
future_goals.css,107,css,1826bbe1,TristanRoman,2025-10-03,22:12:37,-07:00,2025-10-03T22:12:37-07:00,0,23
future_goals.css,108,css,1826bbe1,TristanRoman,2025-10-03,22:12:37,-07:00,2025-10-03T22:12:37-07:00,1,10
future_goals.css,109,css,1826bbe1,TristanRoman,2025-10-03,22:12:37,-07:00,2025-10-03T22:12:37-07:00,0,0
future_goals.css,110,css,1826bbe1,TristanRoman,2025-10-03,22:12:37,-07:00,2025-10-03T22:12:37-07:00,0,0
future_goals.css,111,css,1826bbe1,TristanRoman,2025-10-03,22:12:37,-07:00,2025-10-03T22:12:37-07:00,0,0
future_goals.css,112,css,1826bbe1,TristanRoman,2025-10-03,22:12:37,-07:00,2025-10-03T22:12:37-07:00,0,0
future_goals.css,113,css,1826bbe1,TristanRoman,2025-10-03,22:12:37,-07:00,2025-10-03T22:12:37-07:00,0,0
future_goals.css,114,css,1826bbe1,TristanRoman,2025-10-03,22:12:37,-07:00,2025-10-03T22:12:37-07:00,0,0
future_goals.css,115,css,1826bbe1,TristanRoman,2025-10-03,22:12:37,-07:00,2025-10-03T22:12:37-07:00,0,0
future_goals.css,116,css,1826bbe1,TristanRoman,2025-10-03,22:12:37,-07:00,2025-10-03T22:12:37-07:00,0,19
future_goals.css,117,css,1826bbe1,TristanRoman,2025-10-03,22:12:37,-07:00,2025-10-03T22:12:37-07:00,1,27
future_goals.css,118,css,1826bbe1,TristanRoman,2025-10-03,22:12:37,-07:00,2025-10-03T22:12:37-07:00,1,16
future_goals.css,119,css,1826bbe1,TristanRoman,2025-10-03,22:12:37,-07:00,2025-10-03T22:12:37-07:00,1,17
future_goals.css,120,css,1826bbe1,TristanRoman,2025-10-03,22:12:37,-07:00,2025-10-03T22:12:37-07:00,1,29
future_goals.css,121,css,1826bbe1,TristanRoman,2025-10-03,22:12:37,-07:00,2025-10-03T22:12:37-07:00,0,0
future_goals.css,122,css,1826bbe1,TristanRoman,2025-10-03,22:12:37,-07:00,2025-10-03T22:12:37-07:00,0,0
future_goals.css,123,css,1826bbe1,TristanRoman,2025-10-03,22:12:37,-07:00,2025-10-03T22:12:37-07:00,0,25
future_goals.css,124,css,1826bbe1,TristanRoman,2025-10-03,22:12:37,-07:00,2025-10-03T22:12:37-07:00,1,27
future_goals.css,125,css,1826bbe1,TristanRoman,2025-10-03,22:12:37,-07:00,2025-10-03T22:12:37-07:00,1,29
future_goals.css,126,css,1826bbe1,TristanRoman,2025-10-03,22:12:37,-07:00,2025-10-03T22:12:37-07:00,0,0
future_goals.css,127,css,1826bbe1,TristanRoman,2025-10-03,22:12:37,-07:00,2025-10-03T22:12:37-07:00,0,0
future_goals.css,128,css,1826bbe1,TristanRoman,2025-10-03,22:12:37,-07:00,2025-10-03T22:12:37-07:00,0,22
future_goals.css,129,css,1826bbe1,TristanRoman,2025-10-03,22:12:37,-07:00,2025-10-03T22:12:37-07:00,1,17
future_goals.css,130,css,1826bbe1,TristanRoman,2025-10-03,22:12:37,-07:00,2025-10-03T22:12:37-07:00,1,14
future_goals.css,131,css,1826bbe1,TristanRoman,2025-10-03,22:12:37,-07:00,2025-10-03T22:12:37-07:00,1,16
future_goals.css,132,css,1826bbe1,TristanRoman,2025-10-03,22:12:37,-07:00,2025-10-03T22:12:37-07:00,1,45
future_goals.css,133,css,1826bbe1,TristanRoman,2025-10-03,22:12:37,-07:00,2025-10-03T22:12:37-07:00,1,13
future_goals.css,134,css,1826bbe1,TristanRoman,2025-10-03,22:12:37,-07:00,2025-10-03T22:12:37-07:00,0,0
future_goals.css,135,css,1826bbe1,TristanRoman,2025-10-03,22:12:37,-07:00,2025-10-03T22:12:37-07:00,0,0
future_goals.css,136,css,1826bbe1,TristanRoman,2025-10-03,22:12:37,-07:00,2025-10-03T22:12:37-07:00,0,21
future_goals.css,137,css,1826bbe1,TristanRoman,2025-10-03,22:12:37,-07:00,2025-10-03T22:12:37-07:00,1,8
future_goals.css,138,css,1826bbe1,TristanRoman,2025-10-03,22:12:37,-07:00,2025-10-03T22:12:37-07:00,1,14
future_goals.css,139,css,1826bbe1,TristanRoman,2025-10-03,22:12:37,-07:00,2025-10-03T22:12:37-07:00,1,39
future_goals.css,140,css,1826bbe1,TristanRoman,2025-10-03,22:12:37,-07:00,2025-10-03T22:12:37-07:00,1,16
future_goals.css,141,css,1826bbe1,TristanRoman,2025-10-03,22:12:37,-07:00,2025-10-03T22:12:37-07:00,1,11
future_goals.css,142,css,1826bbe1,TristanRoman,2025-10-03,22:12:37,-07:00,2025-10-03T22:12:37-07:00,0,0
future_goals.css,143,css,1826bbe1,TristanRoman,2025-10-03,22:12:37,-07:00,2025-10-03T22:12:37-07:00,0,28
future_goals.css,144,css,1826bbe1,TristanRoman,2025-10-03,22:12:37,-07:00,2025-10-03T22:12:37-07:00,1,16
future_goals.css,145,css,1826bbe1,TristanRoman,2025-10-03,22:12:37,-07:00,2025-10-03T22:12:37-07:00,2,9
future_goals.css,146,css,1826bbe1,TristanRoman,2025-10-03,22:12:37,-07:00,2025-10-03T22:12:37-07:00,1,0
future_goals.css,147,css,1826bbe1,TristanRoman,2025-10-03,22:12:37,-07:00,2025-10-03T22:12:37-07:00,1,10
future_goals.css,148,css,1826bbe1,TristanRoman,2025-10-03,22:12:37,-07:00,2025-10-03T22:12:37-07:00,2,10
future_goals.css,149,css,1826bbe1,TristanRoman,2025-10-03,22:12:37,-07:00,2025-10-03T22:12:37-07:00,2,18
future_goals.css,150,css,1826bbe1,TristanRoman,2025-10-03,22:12:37,-07:00,2025-10-03T22:12:37-07:00,2,18
future_goals.css,151,css,1826bbe1,TristanRoman,2025-10-03,22:12:37,-07:00,2025-10-03T22:12:37-07:00,1,0
future_goals.css,152,css,1826bbe1,TristanRoman,2025-10-03,22:12:37,-07:00,2025-10-03T22:12:37-07:00,0,0
future_goals.css,153,css,1826bbe1,TristanRoman,2025-10-03,22:12:37,-07:00,2025-10-03T22:12:37-07:00,1,16
future_goals.css,154,css,1826bbe1,TristanRoman,2025-10-03,22:12:37,-07:00,2025-10-03T22:12:37-07:00,2,7
future_goals.css,155,css,1826bbe1,TristanRoman,2025-10-03,22:12:37,-07:00,2025-10-03T22:12:37-07:00,1,0
future_goals.css,156,css,1826bbe1,TristanRoman,2025-10-03,22:12:37,-07:00,2025-10-03T22:12:37-07:00,0,0
future_goals.css,157,css,1826bbe1,TristanRoman,2025-10-03,22:12:37,-07:00,2025-10-03T22:12:37-07:00,1,21
future_goals.css,158,css,1826bbe1,TristanRoman,2025-10-03,22:12:37,-07:00,2025-10-03T22:12:37-07:00,1,23
future_goals.css,159,css,1826bbe1,TristanRoman,2025-10-03,22:12:37,-07:00,2025-10-03T22:12:37-07:00,2,9
future_goals.css,160,css,1826bbe1,TristanRoman,2025-10-03,22:12:37,-07:00,2025-10-03T22:12:37-07:00,1,0
future_goals.css,161,css,1826bbe1,TristanRoman,2025-10-03,22:12:37,-07:00,2025-10-03T22:12:37-07:00,0,0
future_goals.css,162,css,1826bbe1,TristanRoman,2025-10-03,22:12:37,-07:00,2025-10-03T22:12:37-07:00,1,22
future_goals.css,163,css,1826bbe1,TristanRoman,2025-10-03,22:12:37,-07:00,2025-10-03T22:12:37-07:00,1,24
future_goals.css,164,css,1826bbe1,TristanRoman,2025-10-03,22:12:37,-07:00,2025-10-03T22:12:37-07:00,2,10
future_goals.css,165,css,1826bbe1,TristanRoman,2025-10-03,22:12:37,-07:00,2025-10-03T22:12:37-07:00,2,56
future_goals.css,166,css,1826bbe1,TristanRoman,2025-10-03,22:12:37,-07:00,2025-10-03T22:12:37-07:00,1,0
future_goals.css,167,css,1826bbe1,TristanRoman,2025-10-03,22:12:37,-07:00,2025-10-03T22:12:37-07:00,0,0
future_goals.css,168,css,1826bbe1,TristanRoman,2025-10-03,22:12:37,-07:00,2025-10-03T22:12:37-07:00,1,21
future_goals.css,169,css,1826bbe1,TristanRoman,2025-10-03,22:12:37,-07:00,2025-10-03T22:12:37-07:00,1,23
future_goals.css,170,css,1826bbe1,TristanRoman,2025-10-03,22:12:37,-07:00,2025-10-03T22:12:37-07:00,2,10
future_goals.css,171,css,1826bbe1,TristanRoman,2025-10-03,22:12:37,-07:00,2025-10-03T22:12:37-07:00,2,9
future_goals.css,172,css,1826bbe1,TristanRoman,2025-10-03,22:12:37,-07:00,2025-10-03T22:12:37-07:00,1,0
future_goals.css,173,css,1826bbe1,TristanRoman,2025-10-03,22:12:37,-07:00,2025-10-03T22:12:37-07:00,0,0
future_goals.css,174,css,1826bbe1,TristanRoman,2025-10-03,22:12:37,-07:00,2025-10-03T22:12:37-07:00,1,23
future_goals.css,175,css,1826bbe1,TristanRoman,2025-10-03,22:12:37,-07:00,2025-10-03T22:12:37-07:00,1,25
future_goals.css,176,css,1826bbe1,TristanRoman,2025-10-03,22:12:37,-07:00,2025-10-03T22:12:37-07:00,2,27
future_goals.css,177,css,1826bbe1,TristanRoman,2025-10-03,22:12:37,-07:00,2025-10-03T22:12:37-07:00,2,29
future_goals.css,178,css,1826bbe1,TristanRoman,2025-10-03,22:12:37,-07:00,2025-10-03T22:12:37-07:00,1,0
future_goals.css,179,css,7596450e,TristanRoman,2025-10-17,16:24:06,-07:00,2025-10-17T16:24:06-07:00,0,0
future_goals.css,180,css,7596450e,TristanRoman,2025-10-17,16:24:06,-07:00,2025-10-17T16:24:06-07:00,0,0
future_goals.css,181,css,7596450e,TristanRoman,2025-10-17,16:24:06,-07:00,2025-10-17T16:24:06-07:00,0,13
future_goals.css,182,css,7596450e,TristanRoman,2025-10-17,16:24:06,-07:00,2025-10-17T16:24:06-07:00,1,53
future_goals.css,183,css,7596450e,TristanRoman,2025-10-17,16:24:06,-07:00,2025-10-17T16:24:06-07:00,0,0
Project_Work\projects.js,1,js,c9af9eaa,TristanRoman,2025-10-31,17:57:54,-07:00,2025-10-31T17:57:54-07:00,0,25
Project_Work\projects.js,2,js,c9af9eaa,TristanRoman,2025-10-31,17:57:54,-07:00,2025-10-31T17:57:54-07:00,0,76
Project_Work\projects.js,3,js,c9af9eaa,TristanRoman,2025-10-31,17:57:54,-07:00,2025-10-31T17:57:54-07:00,0,0
Project_Work\projects.js,4,js,c9af9eaa,TristanRoman,2025-10-31,17:57:54,-07:00,2025-10-31T17:57:54-07:00,0,63
Project_Work\projects.js,5,js,f326fb91,TristanRoman,2025-10-24,13:57:29,-07:00,2025-10-24T13:57:29-07:00,0,55
Project_Work\projects.js,6,js,f326fb91,TristanRoman,2025-10-24,13:57:29,-07:00,2025-10-24T13:57:29-07:00,0,0
Project_Work\projects.js,7,js,c9af9eaa,TristanRoman,2025-10-31,17:57:54,-07:00,2025-10-31T17:57:54-07:00,0,66
Project_Work\projects.js,8,js,c9af9eaa,TristanRoman,2025-10-31,17:57:54,-07:00,2025-10-31T17:57:54-07:00,0,54
Project_Work\projects.js,9,js,c9af9eaa,TristanRoman,2025-10-31,17:57:54,-07:00,2025-10-31T17:57:54-07:00,1,81
Project_Work\projects.js,10,js,c9af9eaa,TristanRoman,2025-10-31,17:57:54,-07:00,2025-10-31T17:57:54-07:00,0,0
Project_Work\projects.js,11,js,c9af9eaa,TristanRoman,2025-10-31,17:57:54,-07:00,2025-10-31T17:57:54-07:00,0,71
Project_Work\projects.js,12,js,c9af9eaa,TristanRoman,2025-10-31,17:57:54,-07:00,2025-10-31T17:57:54-07:00,0,59
Project_Work\projects.js,13,js,c9af9eaa,TristanRoman,2025-10-31,17:57:54,-07:00,2025-10-31T17:57:54-07:00,0,78
Project_Work\projects.js,14,js,c9af9eaa,TristanRoman,2025-10-31,17:57:54,-07:00,2025-10-31T17:57:54-07:00,0,0
Project_Work\projects.js,15,js,c9af9eaa,TristanRoman,2025-10-31,17:57:54,-07:00,2025-10-31T17:57:54-07:00,0,66
Project_Work\projects.js,16,js,c9af9eaa,TristanRoman,2025-10-31,17:57:54,-07:00,2025-10-31T17:57:54-07:00,0,30
Project_Work\projects.js,17,js,c9af9eaa,TristanRoman,2025-10-31,17:57:54,-07:00,2025-10-31T17:57:54-07:00,0,86
Project_Work\projects.js,18,js,c9af9eaa,TristanRoman,2025-10-31,17:57:54,-07:00,2025-10-31T17:57:54-07:00,0,0
Project_Work\projects.js,19,js,c9af9eaa,TristanRoman,2025-10-31,17:57:54,-07:00,2025-10-31T17:57:54-07:00,0,53
Project_Work\projects.js,20,js,c9af9eaa,TristanRoman,2025-10-31,17:57:54,-07:00,2025-10-31T17:57:54-07:00,0,62
Project_Work\projects.js,21,js,c9af9eaa,TristanRoman,2025-10-31,17:57:54,-07:00,2025-10-31T17:57:54-07:00,0,0
Project_Work\projects.js,22,js,c9af9eaa,TristanRoman,2025-10-31,17:57:54,-07:00,2025-10-31T17:57:54-07:00,0,66
Project_Work\projects.js,23,js,c9af9eaa,TristanRoman,2025-10-31,17:57:54,-07:00,2025-10-31T17:57:54-07:00,0,30
Project_Work\projects.js,24,js,c9af9eaa,TristanRoman,2025-10-31,17:57:54,-07:00,2025-10-31T17:57:54-07:00,1,24
Project_Work\projects.js,25,js,c9af9eaa,TristanRoman,2025-10-31,17:57:54,-07:00,2025-10-31T17:57:54-07:00,1,73
Project_Work\projects.js,26,js,c9af9eaa,TristanRoman,2025-10-31,17:57:54,-07:00,2025-10-31T17:57:54-07:00,1,9
Project_Work\projects.js,27,js,c9af9eaa,TristanRoman,2025-10-31,17:57:54,-07:00,2025-10-31T17:57:54-07:00,2,13
Project_Work\projects.js,28,js,c9af9eaa,TristanRoman,2025-10-31,17:57:54,-07:00,2025-10-31T17:57:54-07:00,3,41
Project_Work\projects.js,29,js,c9af9eaa,TristanRoman,2025-10-31,17:57:54,-07:00,2025-10-31T17:57:54-07:00,3,3
Project_Work\projects.js,30,js,c9af9eaa,TristanRoman,2025-10-31,17:57:54,-07:00,2025-10-31T17:57:54-07:00,3,2
Project_Work\projects.js,31,js,c9af9eaa,TristanRoman,2025-10-31,17:57:54,-07:00,2025-10-31T17:57:54-07:00,2,0
Project_Work\projects.js,32,js,c9af9eaa,TristanRoman,2025-10-31,17:57:54,-07:00,2025-10-31T17:57:54-07:00,1,0
Project_Work\projects.js,33,js,c9af9eaa,TristanRoman,2025-10-31,17:57:54,-07:00,2025-10-31T17:57:54-07:00,0,0
Project_Work\projects.js,34,js,c9af9eaa,TristanRoman,2025-10-31,17:57:54,-07:00,2025-10-31T17:57:54-07:00,1,28
Project_Work\projects.js,35,js,c9af9eaa,TristanRoman,2025-10-31,17:57:54,-07:00,2025-10-31T17:57:54-07:00,1,77
Project_Work\projects.js,36,js,c9af9eaa,TristanRoman,2025-10-31,17:57:54,-07:00,2025-10-31T17:57:54-07:00,1,9
Project_Work\projects.js,37,js,c9af9eaa,TristanRoman,2025-10-31,17:57:54,-07:00,2025-10-31T17:57:54-07:00,2,13
Project_Work\projects.js,38,js,c9af9eaa,TristanRoman,2025-10-31,17:57:54,-07:00,2025-10-31T17:57:54-07:00,3,41
Project_Work\projects.js,39,js,c9af9eaa,TristanRoman,2025-10-31,17:57:54,-07:00,2025-10-31T17:57:54-07:00,3,3
Project_Work\projects.js,40,js,c9af9eaa,TristanRoman,2025-10-31,17:57:54,-07:00,2025-10-31T17:57:54-07:00,3,2
Project_Work\projects.js,41,js,c9af9eaa,TristanRoman,2025-10-31,17:57:54,-07:00,2025-10-31T17:57:54-07:00,2,0
Project_Work\projects.js,42,js,c9af9eaa,TristanRoman,2025-10-31,17:57:54,-07:00,2025-10-31T17:57:54-07:00,1,0
Project_Work\projects.js,43,js,c9af9eaa,TristanRoman,2025-10-31,17:57:54,-07:00,2025-10-31T17:57:54-07:00,0,0
Project_Work\projects.js,44,js,c9af9eaa,TristanRoman,2025-10-31,17:57:54,-07:00,2025-10-31T17:57:54-07:00,1,46
Project_Work\projects.js,45,js,c9af9eaa,TristanRoman,2025-10-31,17:57:54,-07:00,2025-10-31T17:57:54-07:00,1,71
Project_Work\projects.js,46,js,c9af9eaa,TristanRoman,2025-10-31,17:57:54,-07:00,2025-10-31T17:57:54-07:00,1,10
Project_Work\projects.js,47,js,c9af9eaa,TristanRoman,2025-10-31,17:57:54,-07:00,2025-10-31T17:57:54-07:00,2,76
Project_Work\projects.js,48,js,c9af9eaa,TristanRoman,2025-10-31,17:57:54,-07:00,2025-10-31T17:57:54-07:00,2,19
Project_Work\projects.js,49,js,c9af9eaa,TristanRoman,2025-10-31,17:57:54,-07:00,2025-10-31T17:57:54-07:00,2,47
Project_Work\projects.js,50,js,c9af9eaa,TristanRoman,2025-10-31,17:57:54,-07:00,2025-10-31T17:57:54-07:00,1,0
Project_Work\projects.js,51,js,c9af9eaa,TristanRoman,2025-10-31,17:57:54,-07:00,2025-10-31T17:57:54-07:00,0,0
Project_Work\projects.js,52,js,c9af9eaa,TristanRoman,2025-10-31,17:57:54,-07:00,2025-10-31T17:57:54-07:00,1,44
Project_Work\projects.js,53,js,c9af9eaa,TristanRoman,2025-10-31,17:57:54,-07:00,2025-10-31T17:57:54-07:00,1,56
Project_Work\projects.js,54,js,c9af9eaa,TristanRoman,2025-10-31,17:57:54,-07:00,2025-10-31T17:57:54-07:00,1,65
Project_Work\projects.js,55,js,c9af9eaa,TristanRoman,2025-10-31,17:57:54,-07:00,2025-10-31T17:57:54-07:00,0,0
Project_Work\projects.js,56,js,c9af9eaa,TristanRoman,2025-10-31,17:57:54,-07:00,2025-10-31T17:57:54-07:00,0,20
Project_Work\projects.js,57,js,c9af9eaa,TristanRoman,2025-10-31,17:57:54,-07:00,2025-10-31T17:57:54-07:00,0,0
Project_Work\projects.js,58,js,c9af9eaa,TristanRoman,2025-10-31,17:57:54,-07:00,2025-10-31T17:57:54-07:00,0,66
Project_Work\projects.js,59,js,c9af9eaa,TristanRoman,2025-10-31,17:57:54,-07:00,2025-10-31T17:57:54-07:00,0,49
Project_Work\projects.js,60,js,c9af9eaa,TristanRoman,2025-10-31,17:57:54,-07:00,2025-10-31T17:57:54-07:00,0,65
Project_Work\projects.js,61,js,c9af9eaa,TristanRoman,2025-10-31,17:57:54,-07:00,2025-10-31T17:57:54-07:00,0,54
Project_Work\projects.js,62,js,c9af9eaa,TristanRoman,2025-10-31,17:57:54,-07:00,2025-10-31T17:57:54-07:00,0,28
Project_Work\projects.js,63,js,c9af9eaa,TristanRoman,2025-10-31,17:57:54,-07:00,2025-10-31T17:57:54-07:00,1,89
Project_Work\projects.js,64,js,c9af9eaa,TristanRoman,2025-10-31,17:57:54,-07:00,2025-10-31T17:57:54-07:00,1,5
Project_Work\projects.js,65,js,c9af9eaa,TristanRoman,2025-10-31,17:57:54,-07:00,2025-10-31T17:57:54-07:00,0,46
Project_Work\projects.js,66,js,c9af9eaa,TristanRoman,2025-10-31,17:57:54,-07:00,2025-10-31T17:57:54-07:00,0,72
Project_Work\projects.js,67,js,c9af9eaa,TristanRoman,2025-10-31,17:57:54,-07:00,2025-10-31T17:57:54-07:00,0,0
Project_Work\projects.js,68,js,c9af9eaa,TristanRoman,2025-10-31,17:57:54,-07:00,2025-10-31T17:57:54-07:00,0,6
Project_Work\projects.js,69,js,c9af9eaa,TristanRoman,2025-10-31,17:57:54,-07:00,2025-10-31T17:57:54-07:00,0,13
Project_Work\projects.js,70,js,c9af9eaa,TristanRoman,2025-10-31,17:57:54,-07:00,2025-10-31T17:57:54-07:00,0,29
Project_Work\projects.js,71,js,c9af9eaa,TristanRoman,2025-10-31,17:57:54,-07:00,2025-10-31T17:57:54-07:00,0,54
Project_Work\projects.js,72,js,c9af9eaa,TristanRoman,2025-10-31,17:57:54,-07:00,2025-10-31T17:57:54-07:00,0,0
Project_Work\projects.js,73,js,c9af9eaa,TristanRoman,2025-10-31,17:57:54,-07:00,2025-10-31T17:57:54-07:00,0,68
Project_Work\projects.js,74,js,c9af9eaa,TristanRoman,2025-10-31,17:57:54,-07:00,2025-10-31T17:57:54-07:00,0,32
Project_Work\projects.js,75,js,c9af9eaa,TristanRoman,2025-10-31,17:57:54,-07:00,2025-10-31T17:57:54-07:00,1,61
Project_Work\projects.js,76,js,c9af9eaa,TristanRoman,2025-10-31,17:57:54,-07:00,2025-10-31T17:57:54-07:00,1,62
Project_Work\projects.js,77,js,c9af9eaa,TristanRoman,2025-10-31,17:57:54,-07:00,2025-10-31T17:57:54-07:00,1,76
Project_Work\projects.js,78,js,c9af9eaa,TristanRoman,2025-10-31,17:57:54,-07:00,2025-10-31T17:57:54-07:00,0,0
Project_Work\projects.js,79,js,c9af9eaa,TristanRoman,2025-10-31,17:57:54,-07:00,2025-10-31T17:57:54-07:00,0,0
Project_Work\projects.js,80,js,c9af9eaa,TristanRoman,2025-10-31,17:57:54,-07:00,2025-10-31T17:57:54-07:00,0,25
Project_Work\projects.js,81,js,c9af9eaa,TristanRoman,2025-10-31,17:57:54,-07:00,2025-10-31T17:57:54-07:00,1,35
Project_Work\projects.js,82,js,c9af9eaa,TristanRoman,2025-10-31,17:57:54,-07:00,2025-10-31T17:57:54-07:00,1,8
Project_Work\projects.js,83,js,c9af9eaa,TristanRoman,2025-10-31,17:57:54,-07:00,2025-10-31T17:57:54-07:00,2,6
Project_Work\projects.js,84,js,c9af9eaa,TristanRoman,2025-10-31,17:57:54,-07:00,2025-10-31T17:57:54-07:00,3,8
Project_Work\projects.js,85,js,c9af9eaa,TristanRoman,2025-10-31,17:57:54,-07:00,2025-10-31T17:57:54-07:00,3,24
Project_Work\projects.js,86,js,c9af9eaa,TristanRoman,2025-10-31,17:57:54,-07:00,2025-10-31T17:57:54-07:00,5,53
Project_Work\projects.js,87,js,c9af9eaa,TristanRoman,2025-10-31,17:57:54,-07:00,2025-10-31T17:57:54-07:00,5,22
Project_Work\projects.js,88,js,c9af9eaa,TristanRoman,2025-10-31,17:57:54,-07:00,2025-10-31T17:57:54-07:00,4,1
Project_Work\projects.js,89,js,c9af9eaa,TristanRoman,2025-10-31,17:57:54,-07:00,2025-10-31T17:57:54-07:00,0,0
Project_Work\projects.js,90,js,c9af9eaa,TristanRoman,2025-10-31,17:57:54,-07:00,2025-10-31T17:57:54-07:00,1,55
Project_Work\projects.js,91,js,c9af9eaa,TristanRoman,2025-10-31,17:57:54,-07:00,2025-10-31T17:57:54-07:00,2,42
Project_Work\projects.js,92,js,c9af9eaa,TristanRoman,2025-10-31,17:57:54,-07:00,2025-10-31T17:57:54-07:00,2,55
Project_Work\projects.js,93,js,c9af9eaa,TristanRoman,2025-10-31,17:57:54,-07:00,2025-10-31T17:57:54-07:00,1,0
Project_Work\projects.js,94,js,c9af9eaa,TristanRoman,2025-10-31,17:57:54,-07:00,2025-10-31T17:57:54-07:00,1,10
Project_Work\projects.js,95,js,c9af9eaa,TristanRoman,2025-10-31,17:57:54,-07:00,2025-10-31T17:57:54-07:00,0,0
Project_Work\projects.js,96,js,c9af9eaa,TristanRoman,2025-10-31,17:57:54,-07:00,2025-10-31T17:57:54-07:00,0,0
Project_Work\projects.js,97,js,c9af9eaa,TristanRoman,2025-10-31,17:57:54,-07:00,2025-10-31T17:57:54-07:00,0,67
Project_Work\projects.js,98,js,c9af9eaa,TristanRoman,2025-10-31,17:57:54,-07:00,2025-10-31T17:57:54-07:00,0,36
Project_Work\projects.js,99,js,c9af9eaa,TristanRoman,2025-10-31,17:57:54,-07:00,2025-10-31T17:57:54-07:00,1,26
Project_Work\projects.js,100,js,c9af9eaa,TristanRoman,2025-10-31,17:57:54,-07:00,2025-10-31T17:57:54-07:00,0,0
Project_Work\projects.js,101,js,c9af9eaa,TristanRoman,2025-10-31,17:57:54,-07:00,2025-10-31T17:57:54-07:00,1,44
Project_Work\projects.js,102,js,c9af9eaa,TristanRoman,2025-10-31,17:57:54,-07:00,2025-10-31T17:57:54-07:00,0,0
Project_Work\projects.js,103,js,c9af9eaa,TristanRoman,2025-10-31,17:57:54,-07:00,2025-10-31T17:57:54-07:00,1,15
Project_Work\projects.js,104,js,c9af9eaa,TristanRoman,2025-10-31,17:57:54,-07:00,2025-10-31T17:57:54-07:00,1,26
Project_Work\projects.js,105,js,c9af9eaa,TristanRoman,2025-10-31,17:57:54,-07:00,2025-10-31T17:57:54-07:00,1,30
Project_Work\projects.js,106,js,c9af9eaa,TristanRoman,2025-10-31,17:57:54,-07:00,2025-10-31T17:57:54-07:00,0,0
Project_Work\projects.js,107,js,c9af9eaa,TristanRoman,2025-10-31,17:57:54,-07:00,2025-10-31T17:57:54-07:00,1,29
Project_Work\projects.js,108,js,c9af9eaa,TristanRoman,2025-10-31,17:57:54,-07:00,2025-10-31T17:57:54-07:00,2,46
Project_Work\projects.js,109,js,c9af9eaa,TristanRoman,2025-10-31,17:57:54,-07:00,2025-10-31T17:57:54-07:00,2,57
Project_Work\projects.js,110,js,c9af9eaa,TristanRoman,2025-10-31,17:57:54,-07:00,2025-10-31T17:57:54-07:00,2,16
Project_Work\projects.js,111,js,c9af9eaa,TristanRoman,2025-10-31,17:57:54,-07:00,2025-10-31T17:57:54-07:00,3,28
Project_Work\projects.js,112,js,c9af9eaa,TristanRoman,2025-10-31,17:57:54,-07:00,2025-10-31T17:57:54-07:00,3,19
Project_Work\projects.js,113,js,c9af9eaa,TristanRoman,2025-10-31,17:57:54,-07:00,2025-10-31T17:57:54-07:00,3,22
Project_Work\projects.js,114,js,c9af9eaa,TristanRoman,2025-10-31,17:57:54,-07:00,2025-10-31T17:57:54-07:00,3,24
Project_Work\projects.js,115,js,c9af9eaa,TristanRoman,2025-10-31,17:57:54,-07:00,2025-10-31T17:57:54-07:00,3,15
Project_Work\projects.js,116,js,c9af9eaa,TristanRoman,2025-10-31,17:57:54,-07:00,2025-10-31T17:57:54-07:00,2,5
Project_Work\projects.js,117,js,c9af9eaa,TristanRoman,2025-10-31,17:57:54,-07:00,2025-10-31T17:57:54-07:00,1,0
Project_Work\projects.js,118,js,c9af9eaa,TristanRoman,2025-10-31,17:57:54,-07:00,2025-10-31T17:57:54-07:00,0,0
Project_Work\projects.js,119,js,c9af9eaa,TristanRoman,2025-10-31,17:57:54,-07:00,2025-10-31T17:57:54-07:00,1,55
Project_Work\projects.js,120,js,c9af9eaa,TristanRoman,2025-10-31,17:57:54,-07:00,2025-10-31T17:57:54-07:00,1,46
Project_Work\projects.js,121,js,c9af9eaa,TristanRoman,2025-10-31,17:57:54,-07:00,2025-10-31T17:57:54-07:00,1,37
Project_Work\projects.js,122,js,c9af9eaa,TristanRoman,2025-10-31,17:57:54,-07:00,2025-10-31T17:57:54-07:00,1,45
Project_Work\projects.js,123,js,c9af9eaa,TristanRoman,2025-10-31,17:57:54,-07:00,2025-10-31T17:57:54-07:00,0,0
Project_Work\projects.js,124,js,c9af9eaa,TristanRoman,2025-10-31,17:57:54,-07:00,2025-10-31T17:57:54-07:00,1,50
Project_Work\projects.js,125,js,c9af9eaa,TristanRoman,2025-10-31,17:57:54,-07:00,2025-10-31T17:57:54-07:00,1,26
Project_Work\projects.js,126,js,c9af9eaa,TristanRoman,2025-10-31,17:57:54,-07:00,2025-10-31T17:57:54-07:00,2,37
Project_Work\projects.js,127,js,c9af9eaa,TristanRoman,2025-10-31,17:57:54,-07:00,2025-10-31T17:57:54-07:00,2,16
Project_Work\projects.js,128,js,c9af9eaa,TristanRoman,2025-10-31,17:57:54,-07:00,2025-10-31T17:57:54-07:00,3,15
Project_Work\projects.js,129,js,c9af9eaa,TristanRoman,2025-10-31,17:57:54,-07:00,2025-10-31T17:57:54-07:00,3,30
Project_Work\projects.js,130,js,c9af9eaa,TristanRoman,2025-10-31,17:57:54,-07:00,2025-10-31T17:57:54-07:00,3,53
Project_Work\projects.js,131,js,c9af9eaa,TristanRoman,2025-10-31,17:57:54,-07:00,2025-10-31T17:57:54-07:00,3,18
Project_Work\projects.js,132,js,c9af9eaa,TristanRoman,2025-10-31,17:57:54,-07:00,2025-10-31T17:57:54-07:00,4,17
Project_Work\projects.js,133,js,c9af9eaa,TristanRoman,2025-10-31,17:57:54,-07:00,2025-10-31T17:57:54-07:00,4,45
Project_Work\projects.js,134,js,c9af9eaa,TristanRoman,2025-10-31,17:57:54,-07:00,2025-10-31T17:57:54-07:00,4,27
Project_Work\projects.js,135,js,c9af9eaa,TristanRoman,2025-10-31,17:57:54,-07:00,2025-10-31T17:57:54-07:00,4,46
Project_Work\projects.js,136,js,c9af9eaa,TristanRoman,2025-10-31,17:57:54,-07:00,2025-10-31T17:57:54-07:00,4,49
Project_Work\projects.js,137,js,c9af9eaa,TristanRoman,2025-10-31,17:57:54,-07:00,2025-10-31T17:57:54-07:00,4,23
Project_Work\projects.js,138,js,c9af9eaa,TristanRoman,2025-10-31,17:57:54,-07:00,2025-10-31T17:57:54-07:00,3,1
Project_Work\projects.js,139,js,c9af9eaa,TristanRoman,2025-10-31,17:57:54,-07:00,2025-10-31T17:57:54-07:00,1,1
Project_Work\projects.js,140,js,c9af9eaa,TristanRoman,2025-10-31,17:57:54,-07:00,2025-10-31T17:57:54-07:00,0,0
Project_Work\projects.js,141,js,c9af9eaa,TristanRoman,2025-10-31,17:57:54,-07:00,2025-10-31T17:57:54-07:00,1,34
Project_Work\projects.js,142,js,c9af9eaa,TristanRoman,2025-10-31,17:57:54,-07:00,2025-10-31T17:57:54-07:00,1,32
Project_Work\projects.js,143,js,c9af9eaa,TristanRoman,2025-10-31,17:57:54,-07:00,2025-10-31T17:57:54-07:00,2,17
Project_Work\projects.js,144,js,c9af9eaa,TristanRoman,2025-10-31,17:57:54,-07:00,2025-10-31T17:57:54-07:00,3,45
Project_Work\projects.js,145,js,c9af9eaa,TristanRoman,2025-10-31,17:57:54,-07:00,2025-10-31T17:57:54-07:00,3,53
Project_Work\projects.js,146,js,c9af9eaa,TristanRoman,2025-10-31,17:57:54,-07:00,2025-10-31T17:57:54-07:00,3,74
Project_Work\projects.js,147,js,c9af9eaa,TristanRoman,2025-10-31,17:57:54,-07:00,2025-10-31T17:57:54-07:00,3,18
Project_Work\projects.js,148,js,c9af9eaa,TristanRoman,2025-10-31,17:57:54,-07:00,2025-10-31T17:57:54-07:00,4,45
Project_Work\projects.js,149,js,c9af9eaa,TristanRoman,2025-10-31,17:57:54,-07:00,2025-10-31T17:57:54-07:00,4,27
Project_Work\projects.js,150,js,c9af9eaa,TristanRoman,2025-10-31,17:57:54,-07:00,2025-10-31T17:57:54-07:00,4,46
Project_Work\projects.js,151,js,c9af9eaa,TristanRoman,2025-10-31,17:57:54,-07:00,2025-10-31T17:57:54-07:00,4,18
Project_Work\projects.js,152,js,c9af9eaa,TristanRoman,2025-10-31,17:57:54,-07:00,2025-10-31T17:57:54-07:00,0,0
Project_Work\projects.js,153,js,c9af9eaa,TristanRoman,2025-10-31,17:57:54,-07:00,2025-10-31T17:57:54-07:00,3,1
Project_Work\projects.js,154,js,c9af9eaa,TristanRoman,2025-10-31,17:57:54,-07:00,2025-10-31T17:57:54-07:00,1,1
Project_Work\projects.js,155,js,c9af9eaa,TristanRoman,2025-10-31,17:57:54,-07:00,2025-10-31T17:57:54-07:00,0,0
Project_Work\projects.js,156,js,c9af9eaa,TristanRoman,2025-10-31,17:57:54,-07:00,2025-10-31T17:57:54-07:00,0,0
Project_Work\projects.js,157,js,c9af9eaa,TristanRoman,2025-10-31,17:57:54,-07:00,2025-10-31T17:57:54-07:00,0,49
Project_Work\projects.js,158,js,c9af9eaa,TristanRoman,2025-10-31,17:57:54,-07:00,2025-10-31T17:57:54-07:00,0,15
Project_Work\projects.js,159,js,c9af9eaa,TristanRoman,2025-10-31,17:57:54,-07:00,2025-10-31T17:57:54-07:00,1,39
Project_Work\projects.js,160,js,c9af9eaa,TristanRoman,2025-10-31,17:57:54,-07:00,2025-10-31T17:57:54-07:00,1,23
Project_Work\projects.js,161,js,c9af9eaa,TristanRoman,2025-10-31,17:57:54,-07:00,2025-10-31T17:57:54-07:00,0,0
Project_Work\projects.js,162,js,c9af9eaa,TristanRoman,2025-10-31,17:57:54,-07:00,2025-10-31T17:57:54-07:00,1,61
Project_Work\projects.js,163,js,c9af9eaa,TristanRoman,2025-10-31,17:57:54,-07:00,2025-10-31T17:57:54-07:00,1,38
Project_Work\projects.js,164,js,c9af9eaa,TristanRoman,2025-10-31,17:57:54,-07:00,2025-10-31T17:57:54-07:00,1,57
Project_Work\projects.js,165,js,c9af9eaa,TristanRoman,2025-10-31,17:57:54,-07:00,2025-10-31T17:57:54-07:00,0,0
Project_Work\projects.js,166,js,c9af9eaa,TristanRoman,2025-10-31,17:57:54,-07:00,2025-10-31T17:57:54-07:00,1,19
Project_Work\projects.js,167,js,c9af9eaa,TristanRoman,2025-10-31,17:57:54,-07:00,2025-10-31T17:57:54-07:00,1,16
Project_Work\projects.js,168,js,c9af9eaa,TristanRoman,2025-10-31,17:57:54,-07:00,2025-10-31T17:57:54-07:00,2,44
Project_Work\projects.js,169,js,c9af9eaa,TristanRoman,2025-10-31,17:57:54,-07:00,2025-10-31T17:57:54-07:00,3,27
Project_Work\projects.js,170,js,c9af9eaa,TristanRoman,2025-10-31,17:57:54,-07:00,2025-10-31T17:57:54-07:00,3,27
Project_Work\projects.js,171,js,c9af9eaa,TristanRoman,2025-10-31,17:57:54,-07:00,2025-10-31T17:57:54-07:00,3,46
Project_Work\projects.js,172,js,c9af9eaa,TristanRoman,2025-10-31,17:57:54,-07:00,2025-10-31T17:57:54-07:00,3,23
Project_Work\projects.js,173,js,c9af9eaa,TristanRoman,2025-10-31,17:57:54,-07:00,2025-10-31T17:57:54-07:00,2,1
Project_Work\projects.js,174,js,c9af9eaa,TristanRoman,2025-10-31,17:57:54,-07:00,2025-10-31T17:57:54-07:00,1,0
Project_Work\projects.js,175,js,c9af9eaa,TristanRoman,2025-10-31,17:57:54,-07:00,2025-10-31T17:57:54-07:00,0,0
Project_Work\index.js,1,js,f326fb91,TristanRoman,2025-10-24,13:57:29,-07:00,2025-10-24T13:57:29-07:00,0,72
Project_Work\index.js,2,js,f326fb91,TristanRoman,2025-10-24,13:57:29,-07:00,2025-10-24T13:57:29-07:00,0,0
Project_Work\index.js,3,js,f326fb91,TristanRoman,2025-10-24,13:57:29,-07:00,2025-10-24T13:57:29-07:00,0,50
Project_Work\index.js,4,js,f326fb91,TristanRoman,2025-10-24,13:57:29,-07:00,2025-10-24T13:57:29-07:00,0,73
Project_Work\index.js,5,js,f326fb91,TristanRoman,2025-10-24,13:57:29,-07:00,2025-10-24T13:57:29-07:00,0,0
Project_Work\index.js,6,js,f326fb91,TristanRoman,2025-10-24,13:57:29,-07:00,2025-10-24T13:57:29-07:00,0,29
Project_Work\index.js,7,js,f326fb91,TristanRoman,2025-10-24,13:57:29,-07:00,2025-10-24T13:57:29-07:00,0,56
Project_Work\index.js,8,js,f326fb91,TristanRoman,2025-10-24,13:57:29,-07:00,2025-10-24T13:57:29-07:00,0,49
Project_Work\index.js,9,js,f326fb91,TristanRoman,2025-10-24,13:57:29,-07:00,2025-10-24T13:57:29-07:00,0,60
Project_Work\index.js,10,js,f326fb91,TristanRoman,2025-10-24,13:57:29,-07:00,2025-10-24T13:57:29-07:00,0,0
Project_Work\index.js,11,js,f326fb91,TristanRoman,2025-10-24,13:57:29,-07:00,2025-10-24T13:57:29-07:00,0,60
Project_Work\index.js,12,js,f326fb91,TristanRoman,2025-10-24,13:57:29,-07:00,2025-10-24T13:57:29-07:00,0,0
Project_Work\index.js,13,js,f326fb91,TristanRoman,2025-10-24,13:57:29,-07:00,2025-10-24T13:57:29-07:00,0,17
Project_Work\index.js,14,js,f326fb91,TristanRoman,2025-10-24,13:57:29,-07:00,2025-10-24T13:57:29-07:00,1,38
Project_Work\index.js,15,js,f326fb91,TristanRoman,2025-10-24,13:57:29,-07:00,2025-10-24T13:57:29-07:00,2,24
Project_Work\index.js,16,js,f326fb91,TristanRoman,2025-10-24,13:57:29,-07:00,2025-10-24T13:57:29-07:00,3,21
Project_Work\index.js,17,js,f326fb91,TristanRoman,2025-10-24,13:57:29,-07:00,2025-10-24T13:57:29-07:00,3,19
Project_Work\index.js,18,js,f326fb91,TristanRoman,2025-10-24,13:57:29,-07:00,2025-10-24T13:57:29-07:00,4,54
Project_Work\index.js,19,js,f326fb91,TristanRoman,2025-10-24,13:57:29,-07:00,2025-10-24T13:57:29-07:00,4,54
Project_Work\index.js,20,js,f326fb91,TristanRoman,2025-10-24,13:57:29,-07:00,2025-10-24T13:57:29-07:00,4,48
Project_Work\index.js,21,js,f326fb91,TristanRoman,2025-10-24,13:57:29,-07:00,2025-10-24T13:57:29-07:00,4,48
Project_Work\index.js,22,js,f326fb91,TristanRoman,2025-10-24,13:57:29,-07:00,2025-10-24T13:57:29-07:00,3,3
Project_Work\index.js,23,js,f326fb91,TristanRoman,2025-10-24,13:57:29,-07:00,2025-10-24T13:57:29-07:00,2,0
Project_Work\index.js,24,js,f326fb91,TristanRoman,2025-10-24,13:57:29,-07:00,2025-10-24T13:57:29-07:00,1,6
Project_Work\index.js,25,js,f326fb91,TristanRoman,2025-10-24,13:57:29,-07:00,2025-10-24T13:57:29-07:00,2,40
Project_Work\index.js,26,js,f326fb91,TristanRoman,2025-10-24,13:57:29,-07:00,2025-10-24T13:57:29-07:00,2,63
Project_Work\index.js,27,js,f326fb91,TristanRoman,2025-10-24,13:57:29,-07:00,2025-10-24T13:57:29-07:00,2,24
Project_Work\index.js,28,js,f326fb91,TristanRoman,2025-10-24,13:57:29,-07:00,2025-10-24T13:57:29-07:00,3,21
Project_Work\index.js,29,js,f326fb91,TristanRoman,2025-10-24,13:57:29,-07:00,2025-10-24T13:57:29-07:00,3,11
Project_Work\index.js,30,js,f326fb91,TristanRoman,2025-10-24,13:57:29,-07:00,2025-10-24T13:57:29-07:00,2,0
Project_Work\index.js,31,js,f326fb91,TristanRoman,2025-10-24,13:57:29,-07:00,2025-10-24T13:57:29-07:00,1,0
Project_Work\index.js,32,js,f326fb91,TristanRoman,2025-10-24,13:57:29,-07:00,2025-10-24T13:57:29-07:00,0,0
meta\main.js,1,js,d305142f,TristanRoman,2025-11-07,19:14:14,-08:00,2025-11-07T19:14:14-08:00,0,63
meta\main.js,2,js,d305142f,TristanRoman,2025-11-07,19:14:14,-08:00,2025-11-07T19:14:14-08:00,0,0
meta\main.js,3,js,d305142f,TristanRoman,2025-11-07,19:14:14,-08:00,2025-11-07T19:14:14-08:00,0,73
meta\main.js,4,js,d305142f,TristanRoman,2025-11-07,19:14:14,-08:00,2025-11-07T19:14:14-08:00,0,25
meta\main.js,5,js,d305142f,TristanRoman,2025-11-07,19:14:14,-08:00,2025-11-07T19:14:14-08:00,1,33
meta\main.js,6,js,d305142f,TristanRoman,2025-11-07,19:14:14,-08:00,2025-11-07T19:14:14-08:00,1,46
meta\main.js,7,js,d305142f,TristanRoman,2025-11-07,19:14:14,-08:00,2025-11-07T19:14:14-08:00,2,5
meta\main.js,8,js,d305142f,TristanRoman,2025-11-07,19:14:14,-08:00,2025-11-07T19:14:14-08:00,2,14
meta\main.js,9,js,d305142f,TristanRoman,2025-11-07,19:14:14,-08:00,2025-11-07T19:14:14-08:00,2,16
meta\main.js,10,js,d305142f,TristanRoman,2025-11-07,19:14:14,-08:00,2025-11-07T19:14:14-08:00,2,18
meta\main.js,11,js,d305142f,TristanRoman,2025-11-07,19:14:14,-08:00,2025-11-07T19:14:14-08:00,2,49
meta\main.js,12,js,d305142f,TristanRoman,2025-11-07,19:14:14,-08:00,2025-11-07T19:14:14-08:00,2,31
meta\main.js,13,js,d305142f,TristanRoman,2025-11-07,19:14:14,-08:00,2025-11-07T19:14:14-08:00,1,2
meta\main.js,14,js,d305142f,TristanRoman,2025-11-07,19:14:14,-08:00,2025-11-07T19:14:14-08:00,1,10
meta\main.js,15,js,d305142f,TristanRoman,2025-11-07,19:14:14,-08:00,2025-11-07T19:14:14-08:00,0,0
meta\main.js,16,js,d305142f,TristanRoman,2025-11-07,19:14:14,-08:00,2025-11-07T19:14:14-08:00,0,0
meta\main.js,17,js,d305142f,TristanRoman,2025-11-07,19:14:14,-08:00,2025-11-07T19:14:14-08:00,0,74
meta\main.js,18,js,d305142f,TristanRoman,2025-11-07,19:14:14,-08:00,2025-11-07T19:14:14-08:00,0,38
meta\main.js,19,js,d305142f,TristanRoman,2025-11-07,19:14:14,-08:00,2025-11-07T19:14:14-08:00,1,7
meta\main.js,20,js,d305142f,TristanRoman,2025-11-07,19:14:14,-08:00,2025-11-07T19:14:14-08:00,2,51
meta\main.js,21,js,d305142f,TristanRoman,2025-11-07,19:14:14,-08:00,2025-11-07T19:14:14-08:00,2,25
meta\main.js,22,js,d305142f,TristanRoman,2025-11-07,19:14:14,-08:00,2025-11-07T19:14:14-08:00,3,21
meta\main.js,23,js,d305142f,TristanRoman,2025-11-07,19:14:14,-08:00,2025-11-07T19:14:14-08:00,3,55
meta\main.js,24,js,d305142f,TristanRoman,2025-11-07,19:14:14,-08:00,2025-11-07T19:14:14-08:00,3,11
meta\main.js,25,js,d305142f,TristanRoman,2025-11-07,19:14:14,-08:00,2025-11-07T19:14:14-08:00,4,9
meta\main.js,26,js,d305142f,TristanRoman,2025-11-07,19:14:14,-08:00,2025-11-07T19:14:14-08:00,4,52
meta\main.js,27,js,d305142f,TristanRoman,2025-11-07,19:14:14,-08:00,2025-11-07T19:14:14-08:00,4,5
meta\main.js,28,js,d305142f,TristanRoman,2025-11-07,19:14:14,-08:00,2025-11-07T19:14:14-08:00,4,3
meta\main.js,29,js,d305142f,TristanRoman,2025-11-07,19:14:14,-08:00,2025-11-07T19:14:14-08:00,4,3
meta\main.js,30,js,d305142f,TristanRoman,2025-11-07,19:14:14,-08:00,2025-11-07T19:14:14-08:00,4,7
meta\main.js,31,js,d305142f,TristanRoman,2025-11-07,19:14:14,-08:00,2025-11-07T19:14:14-08:00,4,7
meta\main.js,32,js,d305142f,TristanRoman,2025-11-07,19:14:14,-08:00,2025-11-07T19:14:14-08:00,4,57
meta\main.js,33,js,d305142f,TristanRoman,2025-11-07,19:14:14,-08:00,2025-11-07T19:14:14-08:00,4,23
meta\main.js,34,js,d305142f,TristanRoman,2025-11-07,19:14:14,-08:00,2025-11-07T19:14:14-08:00,3,0
meta\main.js,35,js,d305142f,TristanRoman,2025-11-07,19:14:14,-08:00,2025-11-07T19:14:14-08:00,3,35
meta\main.js,36,js,d305142f,TristanRoman,2025-11-07,19:14:14,-08:00,2025-11-07T19:14:14-08:00,4,11
meta\main.js,37,js,d305142f,TristanRoman,2025-11-07,19:14:14,-08:00,2025-11-07T19:14:14-08:00,4,18
meta\main.js,38,js,d305142f,TristanRoman,2025-11-07,19:14:14,-08:00,2025-11-07T19:14:14-08:00,4,44
meta\main.js,39,js,d305142f,TristanRoman,2025-11-07,19:14:14,-08:00,2025-11-07T19:14:14-08:00,4,14
meta\main.js,40,js,d305142f,TristanRoman,2025-11-07,19:14:14,-08:00,2025-11-07T19:14:14-08:00,3,1
meta\main.js,41,js,d305142f,TristanRoman,2025-11-07,19:14:14,-08:00,2025-11-07T19:14:14-08:00,3,9
meta\main.js,42,js,d305142f,TristanRoman,2025-11-07,19:14:14,-08:00,2025-11-07T19:14:14-08:00,2,1
meta\main.js,43,js,d305142f,TristanRoman,2025-11-07,19:14:14,-08:00,2025-11-07T19:14:14-08:00,0,0
meta\main.js,44,js,d305142f,TristanRoman,2025-11-07,19:14:14,-08:00,2025-11-07T19:14:14-08:00,0,0
meta\main.js,45,js,d305142f,TristanRoman,2025-11-07,19:14:14,-08:00,2025-11-07T19:14:14-08:00,0,70
meta\main.js,46,js,d305142f,TristanRoman,2025-11-07,19:14:14,-08:00,2025-11-07T19:14:14-08:00,0,40
meta\main.js,47,js,d305142f,TristanRoman,2025-11-07,19:14:14,-08:00,2025-11-07T19:14:14-08:00,1,65
meta\main.js,48,js,d305142f,TristanRoman,2025-11-07,19:14:14,-08:00,2025-11-07T19:14:14-08:00,0,0
meta\main.js,49,js,d305142f,TristanRoman,2025-11-07,19:14:14,-08:00,2025-11-07T19:14:14-08:00,1,29
meta\main.js,50,js,d305142f,TristanRoman,2025-11-07,19:14:14,-08:00,2025-11-07T19:14:14-08:00,2,26
meta\main.js,51,js,d305142f,TristanRoman,2025-11-07,19:14:14,-08:00,2025-11-07T19:14:14-08:00,2,26
meta\main.js,52,js,d305142f,TristanRoman,2025-11-07,19:14:14,-08:00,2025-11-07T19:14:14-08:00,1,0
meta\main.js,53,js,d305142f,TristanRoman,2025-11-07,19:14:14,-08:00,2025-11-07T19:14:14-08:00,0,0
meta\main.js,54,js,d305142f,TristanRoman,2025-11-07,19:14:14,-08:00,2025-11-07T19:14:14-08:00,1,29
meta\main.js,55,js,d305142f,TristanRoman,2025-11-07,19:14:14,-08:00,2025-11-07T19:14:14-08:00,1,50
meta\main.js,56,js,d305142f,TristanRoman,2025-11-07,19:14:14,-08:00,2025-11-07T19:14:14-08:00,1,63
meta\main.js,57,js,d305142f,TristanRoman,2025-11-07,19:14:14,-08:00,2025-11-07T19:14:14-08:00,0,0
meta\main.js,58,js,d305142f,TristanRoman,2025-11-07,19:14:14,-08:00,2025-11-07T19:14:14-08:00,1,53
meta\main.js,59,js,d305142f,TristanRoman,2025-11-07,19:14:14,-08:00,2025-11-07T19:14:14-08:00,1,44
meta\main.js,60,js,d305142f,TristanRoman,2025-11-07,19:14:14,-08:00,2025-11-07T19:14:14-08:00,0,0
meta\main.js,61,js,d305142f,TristanRoman,2025-11-07,19:14:14,-08:00,2025-11-07T19:14:14-08:00,1,33
meta\main.js,62,js,d305142f,TristanRoman,2025-11-07,19:14:14,-08:00,2025-11-07T19:14:14-08:00,2,3
meta\main.js,63,js,d305142f,TristanRoman,2025-11-07,19:14:14,-08:00,2025-11-07T19:14:14-08:00,2,28
meta\main.js,64,js,d305142f,TristanRoman,2025-11-07,19:14:14,-08:00,2025-11-07T19:14:14-08:00,2,9
meta\main.js,65,js,d305142f,TristanRoman,2025-11-07,19:14:14,-08:00,2025-11-07T19:14:14-08:00,1,0
meta\main.js,66,js,d305142f,TristanRoman,2025-11-07,19:14:14,-08:00,2025-11-07T19:14:14-08:00,1,56
meta\main.js,67,js,d305142f,TristanRoman,2025-11-07,19:14:14,-08:00,2025-11-07T19:14:14-08:00,0,0
meta\main.js,68,js,d305142f,TristanRoman,2025-11-07,19:14:14,-08:00,2025-11-07T19:14:14-08:00,1,50
meta\main.js,69,js,d305142f,TristanRoman,2025-11-07,19:14:14,-08:00,2025-11-07T19:14:14-08:00,0,0
meta\main.js,70,js,d305142f,TristanRoman,2025-11-07,19:14:14,-08:00,2025-11-07T19:14:14-08:00,0,0
meta\main.js,71,js,d305142f,TristanRoman,2025-11-07,19:14:14,-08:00,2025-11-07T19:14:14-08:00,0,72
meta\main.js,72,js,d305142f,TristanRoman,2025-11-07,19:14:14,-08:00,2025-11-07T19:14:14-08:00,0,37
meta\main.js,73,js,d305142f,TristanRoman,2025-11-07,19:14:14,-08:00,2025-11-07T19:14:14-08:00,1,18
meta\main.js,74,js,d305142f,TristanRoman,2025-11-07,19:14:14,-08:00,2025-11-07T19:14:14-08:00,1,50
meta\main.js,75,js,d305142f,TristanRoman,2025-11-07,19:14:14,-08:00,2025-11-07T19:14:14-08:00,1,50
meta\main.js,76,js,d305142f,TristanRoman,2025-11-07,19:14:14,-08:00,2025-11-07T19:14:14-08:00,1,50
meta\main.js,77,js,d305142f,TristanRoman,2025-11-07,19:14:14,-08:00,2025-11-07T19:14:14-08:00,1,54
meta\main.js,78,js,d305142f,TristanRoman,2025-11-07,19:14:14,-08:00,2025-11-07T19:14:14-08:00,1,52
meta\main.js,79,js,d305142f,TristanRoman,2025-11-07,19:14:14,-08:00,2025-11-07T19:14:14-08:00,0,0
meta\main.js,80,js,d305142f,TristanRoman,2025-11-07,19:14:14,-08:00,2025-11-07T19:14:14-08:00,1,21
meta\main.js,81,js,d305142f,TristanRoman,2025-11-07,19:14:14,-08:00,2025-11-07T19:14:14-08:00,1,27
meta\main.js,82,js,d305142f,TristanRoman,2025-11-07,19:14:14,-08:00,2025-11-07T19:14:14-08:00,1,78
meta\main.js,83,js,d305142f,TristanRoman,2025-11-07,19:14:14,-08:00,2025-11-07T19:14:14-08:00,1,99
meta\main.js,84,js,d305142f,TristanRoman,2025-11-07,19:14:14,-08:00,2025-11-07T19:14:14-08:00,1,33
meta\main.js,85,js,d305142f,TristanRoman,2025-11-07,19:14:14,-08:00,2025-11-07T19:14:14-08:00,1,36
meta\main.js,86,js,d305142f,TristanRoman,2025-11-07,19:14:14,-08:00,2025-11-07T19:14:14-08:00,0,0
meta\main.js,87,js,d305142f,TristanRoman,2025-11-07,19:14:14,-08:00,2025-11-07T19:14:14-08:00,0,41
meta\main.js,88,js,d305142f,TristanRoman,2025-11-07,19:14:14,-08:00,2025-11-07T19:14:14-08:00,1,58
meta\main.js,89,js,d305142f,TristanRoman,2025-11-07,19:14:14,-08:00,2025-11-07T19:14:14-08:00,0,0
meta\main.js,90,js,d305142f,TristanRoman,2025-11-07,19:14:14,-08:00,2025-11-07T19:14:14-08:00,0,37
meta\main.js,91,js,d305142f,TristanRoman,2025-11-07,19:14:14,-08:00,2025-11-07T19:14:14-08:00,1,50
meta\main.js,92,js,d305142f,TristanRoman,2025-11-07,19:14:14,-08:00,2025-11-07T19:14:14-08:00,1,13
meta\main.js,93,js,d305142f,TristanRoman,2025-11-07,19:14:14,-08:00,2025-11-07T19:14:14-08:00,1,40
meta\main.js,94,js,d305142f,TristanRoman,2025-11-07,19:14:14,-08:00,2025-11-07T19:14:14-08:00,1,40
meta\main.js,95,js,d305142f,TristanRoman,2025-11-07,19:14:14,-08:00,2025-11-07T19:14:14-08:00,0,0
meta\main.js,96,js,d305142f,TristanRoman,2025-11-07,19:14:14,-08:00,2025-11-07T19:14:14-08:00,0,0
meta\main.js,97,js,d305142f,TristanRoman,2025-11-07,19:14:14,-08:00,2025-11-07T19:14:14-08:00,0,81
meta\main.js,98,js,d305142f,TristanRoman,2025-11-07,19:14:14,-08:00,2025-11-07T19:14:14-08:00,0,35
meta\main.js,99,js,d305142f,TristanRoman,2025-11-07,19:14:14,-08:00,2025-11-07T19:14:14-08:00,1,36
meta\main.js,100,js,d305142f,TristanRoman,2025-11-07,19:14:14,-08:00,2025-11-07T19:14:14-08:00,1,32
meta\main.js,101,js,d305142f,TristanRoman,2025-11-07,19:14:14,-08:00,2025-11-07T19:14:14-08:00,0,0
meta\main.js,102,js,d305142f,TristanRoman,2025-11-07,19:14:14,-08:00,2025-11-07T19:14:14-08:00,1,17
meta\main.js,103,js,d305142f,TristanRoman,2025-11-07,19:14:14,-08:00,2025-11-07T19:14:14-08:00,1,17
meta\main.js,104,js,d305142f,TristanRoman,2025-11-07,19:14:14,-08:00,2025-11-07T19:14:14-08:00,1,58
meta\main.js,105,js,d305142f,TristanRoman,2025-11-07,19:14:14,-08:00,2025-11-07T19:14:14-08:00,0,0
meta\main.js,106,js,d305142f,TristanRoman,2025-11-07,19:14:14,-08:00,2025-11-07T19:14:14-08:00,1,33
meta\main.js,107,js,d305142f,TristanRoman,2025-11-07,19:14:14,-08:00,2025-11-07T19:14:14-08:00,2,40
meta\main.js,108,js,d305142f,TristanRoman,2025-11-07,19:14:14,-08:00,2025-11-07T19:14:14-08:00,2,28
meta\main.js,109,js,d305142f,TristanRoman,2025-11-07,19:14:14,-08:00,2025-11-07T19:14:14-08:00,0,0
meta\main.js,110,js,d305142f,TristanRoman,2025-11-07,19:14:14,-08:00,2025-11-07T19:14:14-08:00,1,14
meta\main.js,111,js,d305142f,TristanRoman,2025-11-07,19:14:14,-08:00,2025-11-07T19:14:14-08:00,2,16
meta\main.js,112,js,d305142f,TristanRoman,2025-11-07,19:14:14,-08:00,2025-11-07T19:14:14-08:00,2,26
meta\main.js,113,js,d305142f,TristanRoman,2025-11-07,19:14:14,-08:00,2025-11-07T19:14:14-08:00,2,14
meta\main.js,114,js,d305142f,TristanRoman,2025-11-07,19:14:14,-08:00,2025-11-07T19:14:14-08:00,2,29
meta\main.js,115,js,d305142f,TristanRoman,2025-11-07,19:14:14,-08:00,2025-11-07T19:14:14-08:00,2,40
meta\main.js,116,js,d305142f,TristanRoman,2025-11-07,19:14:14,-08:00,2025-11-07T19:14:14-08:00,2,41
meta\main.js,117,js,d305142f,TristanRoman,2025-11-07,19:14:14,-08:00,2025-11-07T19:14:14-08:00,1,0
meta\main.js,118,js,d305142f,TristanRoman,2025-11-07,19:14:14,-08:00,2025-11-07T19:14:14-08:00,0,0
meta\main.js,119,js,d305142f,TristanRoman,2025-11-07,19:14:14,-08:00,2025-11-07T19:14:14-08:00,1,27
meta\main.js,120,js,d305142f,TristanRoman,2025-11-07,19:14:14,-08:00,2025-11-07T19:14:14-08:00,2,42
meta\main.js,121,js,d305142f,TristanRoman,2025-11-07,19:14:14,-08:00,2025-11-07T19:14:14-08:00,2,33
meta\main.js,122,js,d305142f,TristanRoman,2025-11-07,19:14:14,-08:00,2025-11-07T19:14:14-08:00,2,6
meta\main.js,123,js,d305142f,TristanRoman,2025-11-07,19:14:14,-08:00,2025-11-07T19:14:14-08:00,0,0
meta\main.js,124,js,d305142f,TristanRoman,2025-11-07,19:14:14,-08:00,2025-11-07T19:14:14-08:00,1,29
meta\main.js,125,js,d305142f,TristanRoman,2025-11-07,19:14:14,-08:00,2025-11-07T19:14:14-08:00,2,14
meta\main.js,126,js,d305142f,TristanRoman,2025-11-07,19:14:14,-08:00,2025-11-07T19:14:14-08:00,2,34
meta\main.js,127,js,d305142f,TristanRoman,2025-11-07,19:14:14,-08:00,2025-11-07T19:14:14-08:00,0,0
meta\main.js,128,js,d305142f,TristanRoman,2025-11-07,19:14:14,-08:00,2025-11-07T19:14:14-08:00,1,16
meta\main.js,129,js,d305142f,TristanRoman,2025-11-07,19:14:14,-08:00,2025-11-07T19:14:14-08:00,1,13
meta\main.js,130,js,d305142f,TristanRoman,2025-11-07,19:14:14,-08:00,2025-11-07T19:14:14-08:00,2,25
meta\main.js,131,js,d305142f,TristanRoman,2025-11-07,19:14:14,-08:00,2025-11-07T19:14:14-08:00,2,47
meta\main.js,132,js,d305142f,TristanRoman,2025-11-07,19:14:14,-08:00,2025-11-07T19:14:14-08:00,2,64
meta\main.js,133,js,d305142f,TristanRoman,2025-11-07,19:14:14,-08:00,2025-11-07T19:14:14-08:00,0,0
meta\main.js,134,js,d305142f,TristanRoman,2025-11-07,19:14:14,-08:00,2025-11-07T19:14:14-08:00,1,5
meta\main.js,135,js,d305142f,TristanRoman,2025-11-07,19:14:14,-08:00,2025-11-07T19:14:14-08:00,1,34
meta\main.js,136,js,d305142f,TristanRoman,2025-11-07,19:14:14,-08:00,2025-11-07T19:14:14-08:00,1,88
meta\main.js,137,js,d305142f,TristanRoman,2025-11-07,19:14:14,-08:00,2025-11-07T19:14:14-08:00,0,0
meta\main.js,138,js,d305142f,TristanRoman,2025-11-07,19:14:14,-08:00,2025-11-07T19:14:14-08:00,1,13
meta\main.js,139,js,d305142f,TristanRoman,2025-11-07,19:14:14,-08:00,2025-11-07T19:14:14-08:00,2,49
meta\main.js,140,js,d305142f,TristanRoman,2025-11-07,19:14:14,-08:00,2025-11-07T19:14:14-08:00,2,11
meta\main.js,141,js,d305142f,TristanRoman,2025-11-07,19:14:14,-08:00,2025-11-07T19:14:14-08:00,1,13
meta\main.js,142,js,d305142f,TristanRoman,2025-11-07,19:14:14,-08:00,2025-11-07T19:14:14-08:00,2,47
meta\main.js,143,js,d305142f,TristanRoman,2025-11-07,19:14:14,-08:00,2025-11-07T19:14:14-08:00,2,11
meta\main.js,144,js,d305142f,TristanRoman,2025-11-07,19:14:14,-08:00,2025-11-07T19:14:14-08:00,0,0
meta\main.js,145,js,d305142f,TristanRoman,2025-11-07,19:14:14,-08:00,2025-11-07T19:14:14-08:00,1,45
meta\main.js,146,js,d305142f,TristanRoman,2025-11-07,19:14:14,-08:00,2025-11-07T19:14:14-08:00,1,65
meta\main.js,147,js,d305142f,TristanRoman,2025-11-07,19:14:14,-08:00,2025-11-07T19:14:14-08:00,1,72
meta\main.js,148,js,d305142f,TristanRoman,2025-11-07,19:14:14,-08:00,2025-11-07T19:14:14-08:00,0,0
meta\main.js,149,js,d305142f,TristanRoman,2025-11-07,19:14:14,-08:00,2025-11-07T19:14:14-08:00,1,41
meta\main.js,150,js,d305142f,TristanRoman,2025-11-07,19:14:14,-08:00,2025-11-07T19:14:14-08:00,1,50
meta\main.js,151,js,d305142f,TristanRoman,2025-11-07,19:14:14,-08:00,2025-11-07T19:14:14-08:00,1,49
meta\main.js,152,js,d305142f,TristanRoman,2025-11-07,19:14:14,-08:00,2025-11-07T19:14:14-08:00,0,0
meta\main.js,153,js,d305142f,TristanRoman,2025-11-07,19:14:14,-08:00,2025-11-07T19:14:14-08:00,1,22
meta\main.js,154,js,d305142f,TristanRoman,2025-11-07,19:14:14,-08:00,2025-11-07T19:14:14-08:00,2,11
meta\main.js,155,js,d305142f,TristanRoman,2025-11-07,19:14:14,-08:00,2025-11-07T19:14:14-08:00,2,13
meta\main.js,156,js,d305142f,TristanRoman,2025-11-07,19:14:14,-08:00,2025-11-07T19:14:14-08:00,2,34
meta\main.js,157,js,d305142f,TristanRoman,2025-11-07,19:14:14,-08:00,2025-11-07T19:14:14-08:00,2,34
meta\main.js,158,js,d305142f,TristanRoman,2025-11-07,19:14:14,-08:00,2025-11-07T19:14:14-08:00,2,35
meta\main.js,159,js,d305142f,TristanRoman,2025-11-07,19:14:14,-08:00,2025-11-07T19:14:14-08:00,2,24
meta\main.js,160,js,d305142f,TristanRoman,2025-11-07,19:14:14,-08:00,2025-11-07T19:14:14-08:00,2,25
meta\main.js,161,js,d305142f,TristanRoman,2025-11-07,19:14:14,-08:00,2025-11-07T19:14:14-08:00,2,31
meta\main.js,162,js,d305142f,TristanRoman,2025-11-07,19:14:14,-08:00,2025-11-07T19:14:14-08:00,3,54
meta\main.js,163,js,d305142f,TristanRoman,2025-11-07,19:14:14,-08:00,2025-11-07T19:14:14-08:00,3,22
meta\main.js,164,js,d305142f,TristanRoman,2025-11-07,19:14:14,-08:00,2025-11-07T19:14:14-08:00,3,27
meta\main.js,165,js,d305142f,TristanRoman,2025-11-07,19:14:14,-08:00,2025-11-07T19:14:14-08:00,3,28
meta\main.js,166,js,d305142f,TristanRoman,2025-11-07,19:14:14,-08:00,2025-11-07T19:14:14-08:00,2,0
meta\main.js,167,js,d305142f,TristanRoman,2025-11-07,19:14:14,-08:00,2025-11-07T19:14:14-08:00,2,37
meta\main.js,168,js,d305142f,TristanRoman,2025-11-07,19:14:14,-08:00,2025-11-07T19:14:14-08:00,2,28
meta\main.js,169,js,d305142f,TristanRoman,2025-11-07,19:14:14,-08:00,2025-11-07T19:14:14-08:00,3,56
meta\main.js,170,js,d305142f,TristanRoman,2025-11-07,19:14:14,-08:00,2025-11-07T19:14:14-08:00,3,29
meta\main.js,171,js,d305142f,TristanRoman,2025-11-07,19:14:14,-08:00,2025-11-07T19:14:14-08:00,2,1
meta\main.js,172,js,d305142f,TristanRoman,2025-11-07,19:14:14,-08:00,2025-11-07T19:14:14-08:00,0,0
meta\main.js,173,js,d305142f,TristanRoman,2025-11-07,19:14:14,-08:00,2025-11-07T19:14:14-08:00,1,49
meta\main.js,174,js,d305142f,TristanRoman,2025-11-07,19:14:14,-08:00,2025-11-07T19:14:14-08:00,1,22
meta\main.js,175,js,d305142f,TristanRoman,2025-11-07,19:14:14,-08:00,2025-11-07T19:14:14-08:00,2,30
meta\main.js,176,js,d305142f,TristanRoman,2025-11-07,19:14:14,-08:00,2025-11-07T19:14:14-08:00,0,0
meta\main.js,177,js,d305142f,TristanRoman,2025-11-07,19:14:14,-08:00,2025-11-07T19:14:14-08:00,1,14
meta\main.js,178,js,d305142f,TristanRoman,2025-11-07,19:14:14,-08:00,2025-11-07T19:14:14-08:00,1,40
meta\main.js,179,js,d305142f,TristanRoman,2025-11-07,19:14:14,-08:00,2025-11-07T19:14:14-08:00,1,43
meta\main.js,180,js,d305142f,TristanRoman,2025-11-07,19:14:14,-08:00,2025-11-07T19:14:14-08:00,0,0
meta\main.js,181,js,d305142f,TristanRoman,2025-11-07,19:14:14,-08:00,2025-11-07T19:14:14-08:00,1,39
meta\main.js,182,js,d305142f,TristanRoman,2025-11-07,19:14:14,-08:00,2025-11-07T19:14:14-08:00,2,27
meta\main.js,183,js,d305142f,TristanRoman,2025-11-07,19:14:14,-08:00,2025-11-07T19:14:14-08:00,2,37
meta\main.js,184,js,d305142f,TristanRoman,2025-11-07,19:14:14,-08:00,2025-11-07T19:14:14-08:00,2,27
meta\main.js,185,js,d305142f,TristanRoman,2025-11-07,19:14:14,-08:00,2025-11-07T19:14:14-08:00,2,27
meta\main.js,186,js,d305142f,TristanRoman,2025-11-07,19:14:14,-08:00,2025-11-07T19:14:14-08:00,2,46
meta\main.js,187,js,d305142f,TristanRoman,2025-11-07,19:14:14,-08:00,2025-11-07T19:14:14-08:00,1,0
meta\main.js,188,js,d305142f,TristanRoman,2025-11-07,19:14:14,-08:00,2025-11-07T19:14:14-08:00,0,0
meta\main.js,189,js,d305142f,TristanRoman,2025-11-07,19:14:14,-08:00,2025-11-07T19:14:14-08:00,1,40
meta\main.js,190,js,d305142f,TristanRoman,2025-11-07,19:14:14,-08:00,2025-11-07T19:14:14-08:00,2,80
meta\main.js,191,js,d305142f,TristanRoman,2025-11-07,19:14:14,-08:00,2025-11-07T19:14:14-08:00,2,54
meta\main.js,192,js,d305142f,TristanRoman,2025-11-07,19:14:14,-08:00,2025-11-07T19:14:14-08:00,3,40
meta\main.js,193,js,d305142f,TristanRoman,2025-11-07,19:14:14,-08:00,2025-11-07T19:14:14-08:00,2,10
meta\main.js,194,js,d305142f,TristanRoman,2025-11-07,19:14:14,-08:00,2025-11-07T19:14:14-08:00,1,0
meta\main.js,195,js,d305142f,TristanRoman,2025-11-07,19:14:14,-08:00,2025-11-07T19:14:14-08:00,0,0
meta\main.js,196,js,d305142f,TristanRoman,2025-11-07,19:14:14,-08:00,2025-11-07T19:14:14-08:00,1,43
meta\main.js,197,js,d305142f,TristanRoman,2025-11-07,19:14:14,-08:00,2025-11-07T19:14:14-08:00,2,84
meta\main.js,198,js,d305142f,TristanRoman,2025-11-07,19:14:14,-08:00,2025-11-07T19:14:14-08:00,2,54
meta\main.js,199,js,d305142f,TristanRoman,2025-11-07,19:14:14,-08:00,2025-11-07T19:14:14-08:00,2,45
meta\main.js,200,js,d305142f,TristanRoman,2025-11-07,19:14:14,-08:00,2025-11-07T19:14:14-08:00,2,88
meta\main.js,201,js,d305142f,TristanRoman,2025-11-07,19:14:14,-08:00,2025-11-07T19:14:14-08:00,0,0
meta\main.js,202,js,d305142f,TristanRoman,2025-11-07,19:14:14,-08:00,2025-11-07T19:14:14-08:00,2,55
meta\main.js,203,js,d305142f,TristanRoman,2025-11-07,19:14:14,-08:00,2025-11-07T19:14:14-08:00,2,16
meta\main.js,204,js,d305142f,TristanRoman,2025-11-07,19:14:14,-08:00,2025-11-07T19:14:14-08:00,2,30
meta\main.js,205,js,d305142f,TristanRoman,2025-11-07,19:14:14,-08:00,2025-11-07T19:14:14-08:00,2,38
meta\main.js,206,js,d305142f,TristanRoman,2025-11-07,19:14:14,-08:00,2025-11-07T19:14:14-08:00,3,43
meta\main.js,207,js,d305142f,TristanRoman,2025-11-07,19:14:14,-08:00,2025-11-07T19:14:14-08:00,3,32
meta\main.js,208,js,d305142f,TristanRoman,2025-11-07,19:14:14,-08:00,2025-11-07T19:14:14-08:00,4,64
meta\main.js,209,js,d305142f,TristanRoman,2025-11-07,19:14:14,-08:00,2025-11-07T19:14:14-08:00,2,0
meta\main.js,210,js,d305142f,TristanRoman,2025-11-07,19:14:14,-08:00,2025-11-07T19:14:14-08:00,1,0
meta\main.js,211,js,d305142f,TristanRoman,2025-11-07,19:14:14,-08:00,2025-11-07T19:14:14-08:00,0,0
meta\main.js,212,js,d305142f,TristanRoman,2025-11-07,19:14:14,-08:00,2025-11-07T19:14:14-08:00,1,23
meta\main.js,213,js,d305142f,TristanRoman,2025-11-07,19:14:14,-08:00,2025-11-07T19:14:14-08:00,2,32
meta\main.js,214,js,d305142f,TristanRoman,2025-11-07,19:14:14,-08:00,2025-11-07T19:14:14-08:00,2,80
meta\main.js,215,js,d305142f,TristanRoman,2025-11-07,19:14:14,-08:00,2025-11-07T19:14:14-08:00,2,30
meta\main.js,216,js,d305142f,TristanRoman,2025-11-07,19:14:14,-08:00,2025-11-07T19:14:14-08:00,2,33
meta\main.js,217,js,d305142f,TristanRoman,2025-11-07,19:14:14,-08:00,2025-11-07T19:14:14-08:00,1,0
meta\main.js,218,js,d305142f,TristanRoman,2025-11-07,19:14:14,-08:00,2025-11-07T19:14:14-08:00,0,0
meta\main.js,219,js,d305142f,TristanRoman,2025-11-07,19:14:14,-08:00,2025-11-07T19:14:14-08:00,0,0
meta\main.js,220,js,d305142f,TristanRoman,2025-11-07,19:14:14,-08:00,2025-11-07T19:14:14-08:00,0,61
meta\main.js,221,js,d305142f,TristanRoman,2025-11-07,19:14:14,-08:00,2025-11-07T19:14:14-08:00,0,64
meta\main.js,222,js,d305142f,TristanRoman,2025-11-07,19:14:14,-08:00,2025-11-07T19:14:14-08:00,0,54
meta\main.js,223,js,d305142f,TristanRoman,2025-11-07,19:14:14,-08:00,2025-11-07T19:14:14-08:00,0,0
meta\main.js,224,js,d305142f,TristanRoman,2025-11-07,19:14:14,-08:00,2025-11-07T19:14:14-08:00,0,28
meta\main.js,225,js,d305142f,TristanRoman,2025-11-07,19:14:14,-08:00,2025-11-07T19:14:14-08:00,0,45
meta\main.js,226,js,d305142f,TristanRoman,2025-11-07,19:14:14,-08:00,2025-11-07T19:14:14-08:00,0,0
meta\main.js,227,js,d305142f,TristanRoman,2025-11-07,19:14:14,-08:00,2025-11-07T19:14:14-08:00,0,30
meta\main.js,228,js,d305142f,TristanRoman,2025-11-07,19:14:14,-08:00,2025-11-07T19:14:14-08:00,0,25
meta\index.html,1,html,d305142f,TristanRoman,2025-11-07,19:14:14,-08:00,2025-11-07T19:14:14-08:00,0,13
meta\index.html,2,html,d305142f,TristanRoman,2025-11-07,19:14:14,-08:00,2025-11-07T19:14:14-08:00,0,14
meta\index.html,3,html,d305142f,TristanRoman,2025-11-07,19:14:14,-08:00,2025-11-07T19:14:14-08:00,0,4
meta\index.html,4,html,d305142f,TristanRoman,2025-11-07,19:14:14,-08:00,2025-11-07T19:14:14-08:00,1,22
meta\index.html,5,html,d305142f,TristanRoman,2025-11-07,19:14:14,-08:00,2025-11-07T19:14:14-08:00,1,67
meta\index.html,6,html,d305142f,TristanRoman,2025-11-07,19:14:14,-08:00,2025-11-07T19:14:14-08:00,1,17
meta\index.html,7,html,d305142f,TristanRoman,2025-11-07,19:14:14,-08:00,2025-11-07T19:14:14-08:00,0,0
meta\index.html,8,html,d305142f,TristanRoman,2025-11-07,19:14:14,-08:00,2025-11-07T19:14:14-08:00,1,59
meta\index.html,9,html,d305142f,TristanRoman,2025-11-07,19:14:14,-08:00,2025-11-07T19:14:14-08:00,0,0
meta\index.html,10,html,d305142f,TristanRoman,2025-11-07,19:14:14,-08:00,2025-11-07T19:14:14-08:00,1,5
meta\index.html,11,html,d305142f,TristanRoman,2025-11-07,19:14:14,-08:00,2025-11-07T19:14:14-08:00,2,38
meta\index.html,12,html,d305142f,TristanRoman,2025-11-07,19:14:14,-08:00,2025-11-07T19:14:14-08:00,0,0
meta\index.html,13,html,d305142f,TristanRoman,2025-11-07,19:14:14,-08:00,2025-11-07T19:14:14-08:00,2,17
meta\index.html,14,html,d305142f,TristanRoman,2025-11-07,19:14:14,-08:00,2025-11-07T19:14:14-08:00,2,6
meta\index.html,15,html,d305142f,TristanRoman,2025-11-07,19:14:14,-08:00,2025-11-07T19:14:14-08:00,3,12
meta\index.html,16,html,d305142f,TristanRoman,2025-11-07,19:14:14,-08:00,2025-11-07T19:14:14-08:00,3,37
meta\index.html,17,html,d305142f,TristanRoman,2025-11-07,19:14:14,-08:00,2025-11-07T19:14:14-08:00,3,14
meta\index.html,18,html,d305142f,TristanRoman,2025-11-07,19:14:14,-08:00,2025-11-07T19:14:14-08:00,3,13
meta\index.html,19,html,d305142f,TristanRoman,2025-11-07,19:14:14,-08:00,2025-11-07T19:14:14-08:00,3,45
meta\index.html,20,html,d305142f,TristanRoman,2025-11-07,19:14:14,-08:00,2025-11-07T19:14:14-08:00,2,0
meta\index.html,21,html,d305142f,TristanRoman,2025-11-07,19:14:14,-08:00,2025-11-07T19:14:14-08:00,2,9
meta\index.html,22,html,d305142f,TristanRoman,2025-11-07,19:14:14,-08:00,2025-11-07T19:14:14-08:00,3,10
meta\index.html,23,html,d305142f,TristanRoman,2025-11-07,19:14:14,-08:00,2025-11-07T19:14:14-08:00,3,15
meta\index.html,24,html,d305142f,TristanRoman,2025-11-07,19:14:14,-08:00,2025-11-07T19:14:14-08:00,2,0
meta\index.html,25,html,d305142f,TristanRoman,2025-11-07,19:14:14,-08:00,2025-11-07T19:14:14-08:00,2,9
meta\index.html,26,html,d305142f,TristanRoman,2025-11-07,19:14:14,-08:00,2025-11-07T19:14:14-08:00,3,18
meta\index.html,27,html,d305142f,TristanRoman,2025-11-07,19:14:14,-08:00,2025-11-07T19:14:14-08:00,3,15
meta\index.html,28,html,d305142f,TristanRoman,2025-11-07,19:14:14,-08:00,2025-11-07T19:14:14-08:00,2,0
meta\index.html,29,html,d305142f,TristanRoman,2025-11-07,19:14:14,-08:00,2025-11-07T19:14:14-08:00,0,0
meta\index.html,30,html,d305142f,TristanRoman,2025-11-07,19:14:14,-08:00,2025-11-07T19:14:14-08:00,2,14
meta\index.html,31,html,d305142f,TristanRoman,2025-11-07,19:14:14,-08:00,2025-11-07T19:14:14-08:00,2,10
meta\index.html,32,html,d305142f,TristanRoman,2025-11-07,19:14:14,-08:00,2025-11-07T19:14:14-08:00,3,10
meta\index.html,33,html,d305142f,TristanRoman,2025-11-07,19:14:14,-08:00,2025-11-07T19:14:14-08:00,3,11
meta\index.html,34,html,d305142f,TristanRoman,2025-11-07,19:14:14,-08:00,2025-11-07T19:14:14-08:00,3,16
meta\index.html,35,html,d305142f,TristanRoman,2025-11-07,19:14:14,-08:00,2025-11-07T19:14:14-08:00,2,0
meta\index.html,36,html,d305142f,TristanRoman,2025-11-07,19:14:14,-08:00,2025-11-07T19:14:14-08:00,2,15
meta\index.html,37,html,d305142f,TristanRoman,2025-11-07,19:14:14,-08:00,2025-11-07T19:14:14-08:00,3,19
meta\index.html,38,html,d305142f,TristanRoman,2025-11-07,19:14:14,-08:00,2025-11-07T19:14:14-08:00,3,11
meta\index.html,39,html,d305142f,TristanRoman,2025-11-07,19:14:14,-08:00,2025-11-07T19:14:14-08:00,2,0
meta\index.html,40,html,d305142f,TristanRoman,2025-11-07,19:14:14,-08:00,2025-11-07T19:14:14-08:00,0,0
meta\index.html,41,html,d305142f,TristanRoman,2025-11-07,19:14:14,-08:00,2025-11-07T19:14:14-08:00,2,8
meta\index.html,42,html,d305142f,TristanRoman,2025-11-07,19:14:14,-08:00,2025-11-07T19:14:14-08:00,2,6
meta\index.html,43,html,d305142f,TristanRoman,2025-11-07,19:14:14,-08:00,2025-11-07T19:14:14-08:00,3,16
meta\index.html,44,html,d305142f,TristanRoman,2025-11-07,19:14:14,-08:00,2025-11-07T19:14:14-08:00,3,23
meta\index.html,45,html,d305142f,TristanRoman,2025-11-07,19:14:14,-08:00,2025-11-07T19:14:14-08:00,3,22
meta\index.html,46,html,d305142f,TristanRoman,2025-11-07,19:14:14,-08:00,2025-11-07T19:14:14-08:00,3,18
meta\index.html,47,html,d305142f,TristanRoman,2025-11-07,19:14:14,-08:00,2025-11-07T19:14:14-08:00,2,0
meta\index.html,48,html,d305142f,TristanRoman,2025-11-07,19:14:14,-08:00,2025-11-07T19:14:14-08:00,2,12
meta\index.html,49,html,d305142f,TristanRoman,2025-11-07,19:14:14,-08:00,2025-11-07T19:14:14-08:00,3,21
meta\index.html,50,html,d305142f,TristanRoman,2025-11-07,19:14:14,-08:00,2025-11-07T19:14:14-08:00,2,0
meta\index.html,51,html,d305142f,TristanRoman,2025-11-07,19:14:14,-08:00,2025-11-07T19:14:14-08:00,2,15
meta\index.html,52,html,d305142f,TristanRoman,2025-11-07,19:14:14,-08:00,2025-11-07T19:14:14-08:00,3,12
meta\index.html,53,html,d305142f,TristanRoman,2025-11-07,19:14:14,-08:00,2025-11-07T19:14:14-08:00,3,11
meta\index.html,54,html,d305142f,TristanRoman,2025-11-07,19:14:14,-08:00,2025-11-07T19:14:14-08:00,3,18
meta\index.html,55,html,d305142f,TristanRoman,2025-11-07,19:14:14,-08:00,2025-11-07T19:14:14-08:00,2,0
meta\index.html,56,html,d305142f,TristanRoman,2025-11-07,19:14:14,-08:00,2025-11-07T19:14:14-08:00,0,0
meta\index.html,57,html,d305142f,TristanRoman,2025-11-07,19:14:14,-08:00,2025-11-07T19:14:14-08:00,2,11
meta\index.html,58,html,d305142f,TristanRoman,2025-11-07,19:14:14,-08:00,2025-11-07T19:14:14-08:00,2,7
meta\index.html,59,html,d305142f,TristanRoman,2025-11-07,19:14:14,-08:00,2025-11-07T19:14:14-08:00,3,12
meta\index.html,60,html,d305142f,TristanRoman,2025-11-07,19:14:14,-08:00,2025-11-07T19:14:14-08:00,3,37
meta\index.html,61,html,d305142f,TristanRoman,2025-11-07,19:14:14,-08:00,2025-11-07T19:14:14-08:00,3,17
meta\index.html,62,html,d305142f,TristanRoman,2025-11-07,19:14:14,-08:00,2025-11-07T19:14:14-08:00,3,8
meta\index.html,63,html,d305142f,TristanRoman,2025-11-07,19:14:14,-08:00,2025-11-07T19:14:14-08:00,3,18
meta\index.html,64,html,d305142f,TristanRoman,2025-11-07,19:14:14,-08:00,2025-11-07T19:14:14-08:00,3,31
meta\index.html,65,html,d305142f,TristanRoman,2025-11-07,19:14:14,-08:00,2025-11-07T19:14:14-08:00,3,10
meta\index.html,66,html,d305142f,TristanRoman,2025-11-07,19:14:14,-08:00,2025-11-07T19:14:14-08:00,3,19
meta\index.html,67,html,d305142f,TristanRoman,2025-11-07,19:14:14,-08:00,2025-11-07T19:14:14-08:00,3,38
meta\index.html,68,html,d305142f,TristanRoman,2025-11-07,19:14:14,-08:00,2025-11-07T19:14:14-08:00,3,39
meta\index.html,69,html,d305142f,TristanRoman,2025-11-07,19:14:14,-08:00,2025-11-07T19:14:14-08:00,3,38
meta\index.html,70,html,d305142f,TristanRoman,2025-11-07,19:14:14,-08:00,2025-11-07T19:14:14-08:00,2,0
meta\index.html,71,html,d305142f,TristanRoman,2025-11-07,19:14:14,-08:00,2025-11-07T19:14:14-08:00,2,8
meta\index.html,72,html,d305142f,TristanRoman,2025-11-07,19:14:14,-08:00,2025-11-07T19:14:14-08:00,3,14
meta\index.html,73,html,d305142f,TristanRoman,2025-11-07,19:14:14,-08:00,2025-11-07T19:14:14-08:00,3,8
meta\index.html,74,html,d305142f,TristanRoman,2025-11-07,19:14:14,-08:00,2025-11-07T19:14:14-08:00,3,9
meta\index.html,75,html,d305142f,TristanRoman,2025-11-07,19:14:14,-08:00,2025-11-07T19:14:14-08:00,3,9
meta\index.html,76,html,d305142f,TristanRoman,2025-11-07,19:14:14,-08:00,2025-11-07T19:14:14-08:00,2,0
meta\index.html,77,html,d305142f,TristanRoman,2025-11-07,19:14:14,-08:00,2025-11-07T19:14:14-08:00,2,41
meta\index.html,78,html,d305142f,TristanRoman,2025-11-07,19:14:14,-08:00,2025-11-07T19:14:14-08:00,3,9
meta\index.html,79,html,d305142f,TristanRoman,2025-11-07,19:14:14,-08:00,2025-11-07T19:14:14-08:00,3,17
meta\index.html,80,html,d305142f,TristanRoman,2025-11-07,19:14:14,-08:00,2025-11-07T19:14:14-08:00,2,0
meta\index.html,81,html,d305142f,TristanRoman,2025-11-07,19:14:14,-08:00,2025-11-07T19:14:14-08:00,0,0
meta\index.html,82,html,d305142f,TristanRoman,2025-11-07,19:14:14,-08:00,2025-11-07T19:14:14-08:00,2,45
meta\index.html,83,html,d305142f,TristanRoman,2025-11-07,19:14:14,-08:00,2025-11-07T19:14:14-08:00,2,56
meta\index.html,84,html,d305142f,TristanRoman,2025-11-07,19:14:14,-08:00,2025-11-07T19:14:14-08:00,2,10
meta\index.html,85,html,d305142f,TristanRoman,2025-11-07,19:14:14,-08:00,2025-11-07T19:14:14-08:00,3,16
meta\index.html,86,html,d305142f,TristanRoman,2025-11-07,19:14:14,-08:00,2025-11-07T19:14:14-08:00,3,12
meta\index.html,87,html,d305142f,TristanRoman,2025-11-07,19:14:14,-08:00,2025-11-07T19:14:14-08:00,3,17
meta\index.html,88,html,d305142f,TristanRoman,2025-11-07,19:14:14,-08:00,2025-11-07T19:14:14-08:00,3,20
meta\index.html,89,html,d305142f,TristanRoman,2025-11-07,19:14:14,-08:00,2025-11-07T19:14:14-08:00,3,42
meta\index.html,90,html,d305142f,TristanRoman,2025-11-07,19:14:14,-08:00,2025-11-07T19:14:14-08:00,2,0
meta\index.html,91,html,d305142f,TristanRoman,2025-11-07,19:14:14,-08:00,2025-11-07T19:14:14-08:00,1,6
meta\index.html,92,html,d305142f,TristanRoman,2025-11-07,19:14:14,-08:00,2025-11-07T19:14:14-08:00,0,5
meta\index.html,93,html,d305142f,TristanRoman,2025-11-07,19:14:14,-08:00,2025-11-07T19:14:14-08:00,0,4
meta\index.html,94,html,d305142f,TristanRoman,2025-11-07,19:14:14,-08:00,2025-11-07T19:14:14-08:00,1,22
meta\index.html,95,html,d305142f,TristanRoman,2025-11-07,19:14:14,-08:00,2025-11-07T19:14:14-08:00,2,11
meta\index.html,96,html,d305142f,TristanRoman,2025-11-07,19:14:14,-08:00,2025-11-07T19:14:14-08:00,2,61
meta\index.html,97,html,d305142f,TristanRoman,2025-11-07,19:14:14,-08:00,2025-11-07T19:14:14-08:00,0,0
meta\index.html,98,html,d305142f,TristanRoman,2025-11-07,19:14:14,-08:00,2025-11-07T19:14:14-08:00,2,28
meta\index.html,99,html,d305142f,TristanRoman,2025-11-07,19:14:14,-08:00,2025-11-07T19:14:14-08:00,2,28
meta\index.html,100,html,d305142f,TristanRoman,2025-11-07,19:14:14,-08:00,2025-11-07T19:14:14-08:00,0,0
meta\index.html,101,html,d305142f,TristanRoman,2025-11-07,19:14:14,-08:00,2025-11-07T19:14:14-08:00,2,27
meta\index.html,102,html,d305142f,TristanRoman,2025-11-07,19:14:14,-08:00,2025-11-07T19:14:14-08:00,2,29
meta\index.html,103,html,d305142f,TristanRoman,2025-11-07,19:14:14,-08:00,2025-11-07T19:14:14-08:00,2,64
meta\index.html,104,html,d305142f,TristanRoman,2025-11-07,19:14:14,-08:00,2025-11-07T19:14:14-08:00,2,20
meta\index.html,105,html,d305142f,TristanRoman,2025-11-07,19:14:14,-08:00,2025-11-07T19:14:14-08:00,0,0
meta\index.html,106,html,d305142f,TristanRoman,2025-11-07,19:14:14,-08:00,2025-11-07T19:14:14-08:00,2,22
meta\index.html,107,html,d305142f,TristanRoman,2025-11-07,19:14:14,-08:00,2025-11-07T19:14:14-08:00,2,50
meta\index.html,108,html,d305142f,TristanRoman,2025-11-07,19:14:14,-08:00,2025-11-07T19:14:14-08:00,3,85
meta\index.html,109,html,d305142f,TristanRoman,2025-11-07,19:14:14,-08:00,2025-11-07T19:14:14-08:00,3,37
meta\index.html,110,html,d305142f,TristanRoman,2025-11-07,19:14:14,-08:00,2025-11-07T19:14:14-08:00,3,37
meta\index.html,111,html,d305142f,TristanRoman,2025-11-07,19:14:14,-08:00,2025-11-07T19:14:14-08:00,3,41
meta\index.html,112,html,d305142f,TristanRoman,2025-11-07,19:14:14,-08:00,2025-11-07T19:14:14-08:00,3,39
meta\index.html,113,html,d305142f,TristanRoman,2025-11-07,19:14:14,-08:00,2025-11-07T19:14:14-08:00,2,3
meta\index.html,114,html,d305142f,TristanRoman,2025-11-07,19:14:14,-08:00,2025-11-07T19:14:14-08:00,0,0
meta\index.html,115,html,d305142f,TristanRoman,2025-11-07,19:14:14,-08:00,2025-11-07T19:14:14-08:00,2,35
meta\index.html,116,html,d305142f,TristanRoman,2025-11-07,19:14:14,-08:00,2025-11-07T19:14:14-08:00,2,25
meta\index.html,117,html,d305142f,TristanRoman,2025-11-07,19:14:14,-08:00,2025-11-07T19:14:14-08:00,2,45
meta\index.html,118,html,d305142f,TristanRoman,2025-11-07,19:14:14,-08:00,2025-11-07T19:14:14-08:00,1,5
meta\index.html,119,html,d305142f,TristanRoman,2025-11-07,19:14:14,-08:00,2025-11-07T19:14:14-08:00,0,0
meta\index.html,120,html,d305142f,TristanRoman,2025-11-07,19:14:14,-08:00,2025-11-07T19:14:14-08:00,1,45
meta\index.html,121,html,d305142f,TristanRoman,2025-11-07,19:14:14,-08:00,2025-11-07T19:14:14-08:00,0,5
meta\index.html,122,html,d305142f,TristanRoman,2025-11-07,19:14:14,-08:00,2025-11-07T19:14:14-08:00,0,5
contact\contact.html,1,html,1826bbe1,TristanRoman,2025-10-03,22:12:37,-07:00,2025-10-03T22:12:37-07:00,0,13
contact\contact.html,2,html,1826bbe1,TristanRoman,2025-10-03,22:12:37,-07:00,2025-10-03T22:12:37-07:00,0,14
contact\contact.html,3,html,1826bbe1,TristanRoman,2025-10-03,22:12:37,-07:00,2025-10-03T22:12:37-07:00,0,4
contact\contact.html,4,html,1826bbe1,TristanRoman,2025-10-03,22:12:37,-07:00,2025-10-03T22:12:37-07:00,2,20
contact\contact.html,5,html,1826bbe1,TristanRoman,2025-10-03,22:12:37,-07:00,2025-10-03T22:12:37-07:00,2,51
contact\contact.html,6,html,1826bbe1,TristanRoman,2025-10-03,22:12:37,-07:00,2025-10-03T22:12:37-07:00,2,68
contact\contact.html,7,html,1826bbe1,TristanRoman,2025-10-03,22:12:37,-07:00,2025-10-03T22:12:37-07:00,2,25
contact\contact.html,8,html,4d1b1e9b,TristanRoman,2025-10-03,23:00:05,-07:00,2025-10-03T23:00:05-07:00,2,46
contact\contact.html,9,html,4d1b1e9b,TristanRoman,2025-10-03,23:00:05,-07:00,2025-10-03T23:00:05-07:00,2,48
contact\contact.html,10,html,1826bbe1,TristanRoman,2025-10-03,22:12:37,-07:00,2025-10-03T22:12:37-07:00,0,5
contact\contact.html,11,html,1826bbe1,TristanRoman,2025-10-03,22:12:37,-07:00,2025-10-03T22:12:37-07:00,0,4
contact\contact.html,12,html,1826bbe1,TristanRoman,2025-10-03,22:12:37,-07:00,2025-10-03T22:12:37-07:00,2,6
contact\contact.html,13,html,7596450e,TristanRoman,2025-10-17,16:24:06,-07:00,2025-10-17T16:24:06-07:00,4,37
contact\contact.html,14,html,4d1b1e9b,TristanRoman,2025-10-03,23:00:05,-07:00,2025-10-03T23:00:05-07:00,6,30
contact\contact.html,15,html,4d1b1e9b,TristanRoman,2025-10-03,23:00:05,-07:00,2025-10-03T23:00:05-07:00,6,33
contact\contact.html,16,html,4d1b1e9b,TristanRoman,2025-10-03,23:00:05,-07:00,2025-10-03T23:00:05-07:00,6,44
contact\contact.html,17,html,4d1b1e9b,TristanRoman,2025-10-03,23:00:05,-07:00,2025-10-03T23:00:05-07:00,6,45
contact\contact.html,18,html,7dd2dc16,TristanRoman,2025-10-10,22:09:19,-07:00,2025-10-10T22:09:19-07:00,6,60
contact\contact.html,19,html,7596450e,TristanRoman,2025-10-17,16:24:06,-07:00,2025-10-17T16:24:06-07:00,4,7
contact\contact.html,20,html,1826bbe1,TristanRoman,2025-10-03,22:12:37,-07:00,2025-10-03T22:12:37-07:00,2,7
contact\contact.html,21,html,1826bbe1,TristanRoman,2025-10-03,22:12:37,-07:00,2025-10-03T22:12:37-07:00,2,4
contact\contact.html,22,html,1826bbe1,TristanRoman,2025-10-03,22:12:37,-07:00,2025-10-03T22:12:37-07:00,4,19
contact\contact.html,23,html,1826bbe1,TristanRoman,2025-10-03,22:12:37,-07:00,2025-10-03T22:12:37-07:00,4,79
contact\contact.html,24,html,1826bbe1,TristanRoman,2025-10-03,22:12:37,-07:00,2025-10-03T22:12:37-07:00,7,145
contact\contact.html,25,html,1826bbe1,TristanRoman,2025-10-03,22:12:37,-07:00,2025-10-03T22:12:37-07:00,5,0
contact\contact.html,26,html,1826bbe1,TristanRoman,2025-10-03,22:12:37,-07:00,2025-10-03T22:12:37-07:00,5,104
contact\contact.html,27,html,1826bbe1,TristanRoman,2025-10-03,22:12:37,-07:00,2025-10-03T22:12:37-07:00,5,0
contact\contact.html,28,html,1826bbe1,TristanRoman,2025-10-03,22:12:37,-07:00,2025-10-03T22:12:37-07:00,5,12
contact\contact.html,29,html,1826bbe1,TristanRoman,2025-10-03,22:12:37,-07:00,2025-10-03T22:12:37-07:00,5,59
contact\contact.html,30,html,1826bbe1,TristanRoman,2025-10-03,22:12:37,-07:00,2025-10-03T22:12:37-07:00,6,9
contact\contact.html,31,html,1826bbe1,TristanRoman,2025-10-03,22:12:37,-07:00,2025-10-03T22:12:37-07:00,6,39
contact\contact.html,32,html,1826bbe1,TristanRoman,2025-10-03,22:12:37,-07:00,2025-10-03T22:12:37-07:00,9,89
contact\contact.html,33,html,1826bbe1,TristanRoman,2025-10-03,22:12:37,-07:00,2025-10-03T22:12:37-07:00,5,6
contact\contact.html,34,html,1826bbe1,TristanRoman,2025-10-03,22:12:37,-07:00,2025-10-03T22:12:37-07:00,5,0
contact\contact.html,35,html,1826bbe1,TristanRoman,2025-10-03,22:12:37,-07:00,2025-10-03T22:12:37-07:00,5,14
contact\contact.html,36,html,1826bbe1,TristanRoman,2025-10-03,22:12:37,-07:00,2025-10-03T22:12:37-07:00,5,59
contact\contact.html,37,html,1826bbe1,TristanRoman,2025-10-03,22:12:37,-07:00,2025-10-03T22:12:37-07:00,6,6
contact\contact.html,38,html,1826bbe1,TristanRoman,2025-10-03,22:12:37,-07:00,2025-10-03T22:12:37-07:00,6,31
contact\contact.html,39,html,1826bbe1,TristanRoman,2025-10-03,22:12:37,-07:00,2025-10-03T22:12:37-07:00,9,89
contact\contact.html,40,html,1826bbe1,TristanRoman,2025-10-03,22:12:37,-07:00,2025-10-03T22:12:37-07:00,5,6
contact\contact.html,41,html,1826bbe1,TristanRoman,2025-10-03,22:12:37,-07:00,2025-10-03T22:12:37-07:00,5,0
contact\contact.html,42,html,1826bbe1,TristanRoman,2025-10-03,22:12:37,-07:00,2025-10-03T22:12:37-07:00,5,14
contact\contact.html,43,html,1826bbe1,TristanRoman,2025-10-03,22:12:37,-07:00,2025-10-03T22:12:37-07:00,5,59
contact\contact.html,44,html,1826bbe1,TristanRoman,2025-10-03,22:12:37,-07:00,2025-10-03T22:12:37-07:00,6,6
contact\contact.html,45,html,1826bbe1,TristanRoman,2025-10-03,22:12:37,-07:00,2025-10-03T22:12:37-07:00,6,28
contact\contact.html,46,html,1826bbe1,TristanRoman,2025-10-03,22:12:37,-07:00,2025-10-03T22:12:37-07:00,11,117
contact\contact.html,47,html,1826bbe1,TristanRoman,2025-10-03,22:12:37,-07:00,2025-10-03T22:12:37-07:00,5,6
contact\contact.html,48,html,1826bbe1,TristanRoman,2025-10-03,22:12:37,-07:00,2025-10-03T22:12:37-07:00,5,0
contact\contact.html,49,html,1826bbe1,TristanRoman,2025-10-03,22:12:37,-07:00,2025-10-03T22:12:37-07:00,5,13
contact\contact.html,50,html,1826bbe1,TristanRoman,2025-10-03,22:12:37,-07:00,2025-10-03T22:12:37-07:00,5,136
contact\contact.html,51,html,1826bbe1,TristanRoman,2025-10-03,22:12:37,-07:00,2025-10-03T22:12:37-07:00,6,10
contact\contact.html,52,html,1826bbe1,TristanRoman,2025-10-03,22:12:37,-07:00,2025-10-03T22:12:37-07:00,5,7
contact\contact.html,53,html,1826bbe1,TristanRoman,2025-10-03,22:12:37,-07:00,2025-10-03T22:12:37-07:00,4,5
contact\contact.html,54,html,1826bbe1,TristanRoman,2025-10-03,22:12:37,-07:00,2025-10-03T22:12:37-07:00,2,5
contact\contact.html,55,html,7596450e,TristanRoman,2025-10-17,16:24:06,-07:00,2025-10-17T16:24:06-07:00,2,48
contact\contact.html,56,html,1826bbe1,TristanRoman,2025-10-03,22:12:37,-07:00,2025-10-03T22:12:37-07:00,0,5
contact\contact.html,57,html,1826bbe1,TristanRoman,2025-10-03,22:12:37,-07:00,2025-10-03T22:12:37-07:00,0,5
contact\contact.html,58,html,1826bbe1,TristanRoman,2025-10-03,22:12:37,-07:00,2025-10-03T22:12:37-07:00,0,0
